'Time','VidTime','Signal Level','Blink','Attention','Meditation','Zone','Delta','Theta','Low Alpha','High Alpha','Low Beta','High Beta','Low Gamma','Mid Gamma',,,,,,
53:20.0,00:00.0,87,2,29,61,45,702170,29771,6893,7529,3315,1562,1194,437,,,24370.32887,20120.83078,10690.11472,4741.899618
53:21.0,00:00.0,100,2,27,57,42,106554,16861,7102,776,7375,4534,3366,762,,,,,,
53:22.0,00:00.0,100,2,43,57,50,122711,67229,41106,4641,31650,15491,15704,8611,,,,,,
53:23.0,00:00.0,100,2,44,50,47,979933,449416,76125,106191,19663,44206,13123,9434,,,,,,
53:24.0,00:00.0,100,2,51,64,57,405159,70372,9519,43406,20311,13071,5539,3594,,,,,,
53:25.0,00:00.0,100,2,48,69,58,469983,30336,12160,8358,9721,6018,874,1213,,,,,,
53:26.0,00:00.0,100,2,38,74,56,157168,47268,17990,18080,6254,5532,3698,1971,,,,,,
53:27.0,00:00.0,100,2,43,80,61,149305,15094,7305,5541,2150,3008,1160,172,,,,,,
53:28.0,00:00.0,100,2,50,80,65,154497,70005,40851,49068,52473,27144,31168,3399,,,,,,
53:29.0,00:00.0,100,2,43,69,56,254761,209019,24101,21220,47164,14888,7420,5097,,,,,,
53:30.0,00:00.0,100,2,56,67,61,923563,40331,22241,24711,32550,21389,12329,1520,,,,,,
53:31.0,00:00.0,100,2,60,67,63,491248,70790,72748,18031,49673,23990,11768,7468,,,,,,
53:32.0,00:00.0,100,2,57,64,60,655753,39301,9056,15911,12263,10276,3029,1505,,,,,,
53:33.0,00:00.0,100,2,48,70,59,26688,31591,10080,1944,3943,810,423,313,,,,,,
53:34.0,00:00.0,100,2,35,69,52,159868,18863,7877,2382,6576,2090,2191,1696,,,,,,
53:35.0,00:00.0,100,2,21,67,44,1138343,156493,81490,44695,47561,10827,17178,7869,,,,,,
53:36.0,00:00.0,100,2,13,69,41,24100,40503,17309,5167,6346,4736,2091,965,,,,,,
53:37.0,00:00.0,100,2,24,69,46,975990,386120,133083,43280,66127,29065,8248,3405,,,,,,
53:38.0,00:00.0,100,2,21,75,48,1548870,96879,72678,14501,15003,11248,7805,3364,,,,,,
53:39.0,00:00.0,100,2,35,81,58,45038,28369,30536,23225,7961,12259,17605,1595,,,,,,
53:40.0,00:00.0,100,1,44,81,62,2005780,226768,39862,94413,48756,71110,10209,4311,,,,,,
53:41.0,00:00.0,100,1,43,66,54,1356234,308328,21355,3453,14532,14547,21210,1875,,,,,,
53:42.0,00:00.0,100,1,48,57,52,399807,18668,1707,3565,1585,2240,1006,588,,,,,,
53:43.0,00:00.0,100,2,37,44,40,1578862,786488,181996,102628,73250,55867,13564,3623,,,,,,
53:44.0,00:00.0,87,1,37,44,40,385370,30603,6157,6406,2982,2730,582,273,,,,,,
53:45.0,00:00.0,100,1,27,40,33,482517,116443,5155,29335,6073,12710,12893,4867,,,,,,
53:46.0,00:00.0,100,1,38,54,46,2149252,1183624,293899,219003,190783,201201,85104,33009,,,,,,
53:47.0,00:00.0,100,1,38,56,47,573937,45353,9230,7167,8017,6228,4324,672,,,,,,
53:48.0,00:00.0,100,2,37,66,51,949310,56905,64819,24067,20864,5356,4292,3517,,,,,,
53:49.0,00:00.0,100,2,48,75,61,145664,6252,3200,2364,1062,2828,2104,1918,,,,,,
53:50.0,00:00.0,100,2,37,70,53,2135944,262138,45848,35101,25432,14378,5262,3808,,,,,,
53:51.0,00:00.0,100,2,41,80,60,184668,40297,6507,35409,6383,11886,4676,789,,,,,,
53:52.0,00:00.0,100,2,63,67,65,865515,31716,12682,3779,16006,15136,24581,6521,,,,,,
53:53.0,00:00.0,100,2,63,64,63,717495,39881,20592,8270,8495,18949,14126,7782,,,,,,
53:54.0,00:00.0,100,2,81,67,74,212675,29327,15215,3440,16580,12722,7044,1987,,,,,,
53:55.0,00:00.0,100,2,74,48,61,1005308,557865,21935,38918,49881,39715,36495,20482,,,,,,
53:56.0,00:00.0,100,2,74,51,62,131697,52422,23223,11418,17731,25039,10472,8924,,,,,,
53:57.0,00:00.0,100,2,69,44,56,2131328,162446,37864,6303,2989,37261,4952,1088,,,,,,
53:58.0,00:00.0,100,1,57,43,50,126705,9830,785,2619,2601,1260,583,270,,,,,,
53:59.0,00:00.0,100,4,64,50,57,2076972,543205,64279,71262,75916,73847,39265,6885,,,,,,
54:00.0,00:00.0,100,2,54,51,52,131388,3409,1278,1148,1386,678,224,80,,,,,,
54:01.0,00:00.0,100,2,53,51,52,3095269,331513,26053,86492,155485,65286,14805,7308,,,,,,
54:02.0,00:00.0,100,3,60,48,54,1858740,146697,20341,15146,23939,30850,20819,7799,,,,,,
54:03.0,00:00.0,100,2,61,60,60,122618,13604,10535,5306,4793,4577,1649,634,,,,,,
54:04.0,00:00.0,100,2,53,54,53,189595,18514,4251,2718,6658,1380,668,309,,,,,,
54:05.0,00:00.0,100,2,56,51,53,1442685,163412,11433,19499,35480,33150,26883,7081,,,,,,
54:06.0,00:00.0,100,1,54,57,55,196374,39978,10679,10305,4135,9593,18268,9175,,,,,,
54:07.0,00:00.0,100,1,60,53,56,1376616,40826,21174,7755,21622,17601,9476,4459,,,,,,
54:08.0,00:00.0,100,1,66,44,55,1883820,192441,5424,27708,57631,21579,9295,4476,,,,,,
54:09.0,00:00.0,100,1,63,70,66,60184,29559,60149,66578,3800,21524,8166,3570,,,,,,
54:10.0,00:00.0,100,1,61,75,68,109420,149118,35225,71244,8389,37881,17079,4722,,,,,,
54:11.0,00:00.0,100,1,61,83,72,413215,38994,33008,25154,5032,23914,8748,5757,,,,,,
54:12.0,00:00.0,100,1,69,100,84,52987,23074,16351,20880,14956,12690,10653,11001,,,,,,
54:13.0,00:00.0,100,1,69,93,81,55057,22058,32761,19392,17882,9419,8805,6209,,,,,,
54:14.0,00:00.0,100,1,80,90,85,4509,17595,12325,7982,14906,16901,11876,3671,,,,,,
54:15.0,00:00.0,100,1,80,75,77,143626,19669,2806,3508,4992,6469,2520,3721,,,,,,
54:16.0,00:00.0,100,1,83,70,76,17397,13627,23029,13769,42117,14119,36347,8204,,,,,,
54:17.0,00:00.0,100,1,90,66,78,28563,26478,28388,16484,21131,19776,8234,7755,,,,,,
54:18.0,00:00.0,100,1,80,64,72,228415,140997,48015,10994,16198,30723,8836,3272,,,,,,
54:19.0,00:00.0,100,2,81,66,73,1187621,200825,35687,69995,143362,83908,21108,1973,,,,,,
54:20.0,00:00.0,100,2,67,54,60,147674,49424,7824,2814,16786,4316,2136,1542,,,,,,
54:21.0,00:00.0,100,2,53,41,47,794169,217160,24314,24579,47166,17814,3812,5023,,,,,,
54:22.0,00:00.0,100,2,50,51,50,231014,8124,5476,2945,1330,1799,1409,379,,,,,,
54:23.0,00:00.0,100,2,30,44,37,1598238,247230,11628,20758,23811,12543,10212,4514,,,,,,
54:24.0,00:00.0,100,2,37,48,42,1136058,70606,6129,19656,32576,10891,6015,1902,,,,,,
54:25.0,00:00.0,100,2,54,54,54,296885,28858,12418,4730,12116,19626,3349,3577,,,,,,
54:26.0,00:00.0,100,2,63,50,56,39093,26618,16123,7699,6876,11539,8248,2362,,,,,,
54:27.0,00:00.0,100,2,83,67,75,48527,18967,3629,34257,14264,17197,10715,10250,,,,,,
54:28.0,00:00.0,100,2,80,83,81,94188,12232,10523,9474,4406,2881,3872,905,,,,,,
54:29.0,00:00.0,100,2,75,96,85,11537,6917,19155,8703,7638,8587,14464,1681,,,,,,
54:30.0,00:00.0,100,2,66,100,83,19386,26404,17024,24870,16910,7204,6103,5269,,,,,,
54:31.0,00:00.0,100,2,60,100,80,11151,41100,25012,26138,13377,14749,9451,4343,,,,,,
54:32.0,00:00.0,100,2,70,91,80,238945,29814,24850,12235,38251,20850,18992,6421,,,,,,
54:33.0,00:00.0,100,2,75,83,79,28463,14988,7773,9144,14888,10172,4742,5246,,,,,,
54:34.0,00:00.0,100,2,87,77,82,18912,30599,11312,18511,9645,22407,11026,3423,,,,,,
54:35.0,00:00.0,100,2,97,64,80,36244,50006,15960,6196,10640,40685,6118,3160,,,,,,
54:36.0,00:00.0,100,2,100,67,83,44592,10598,14264,11610,13214,19786,11885,2238,,,,,,
54:37.0,00:00.0,100,2,93,75,84,54885,36047,19168,31915,6062,7847,9704,7902,,,,,,
54:38.0,00:00.0,100,2,74,78,76,108736,45633,8902,30287,11569,4465,1497,501,,,,,,
54:39.0,00:00.0,100,2,53,87,70,576437,220044,132612,22144,23181,27525,14813,5688,,,,,,
54:40.0,00:00.0,100,2,26,75,50,521467,183232,6758,25817,8004,7937,5254,2879,,,,,,
54:41.0,00:00.0,100,1,24,78,51,490537,30368,70546,15343,18207,10177,5073,3578,,,,,,
54:42.0,00:00.0,100,1,44,80,62,63650,18500,11520,19221,8115,19789,9567,7644,,,,,,
54:43.0,00:00.0,100,1,61,84,72,26063,17382,19745,26111,10810,24596,14995,11989,,,,,,
54:44.0,00:00.0,100,1,83,83,83,51703,54927,5729,7444,13237,22495,13420,6084,,,,,,
54:45.0,00:00.0,100,1,88,67,77,24870,88018,4804,29867,11033,16272,16049,2472,,,,,,
54:46.0,00:00.0,100,1,90,66,78,83968,4034,2706,3181,1662,4217,1739,1825,,,,,,
54:47.0,00:00.0,100,1,90,48,69,12807,25855,1711,4720,9086,13696,8133,6474,,,,,,
54:48.0,00:00.0,100,1,93,60,76,10636,13540,2357,19388,16832,15137,6442,7569,,,,,,
54:49.0,00:00.0,100,1,96,75,85,8932,10510,37764,15954,12947,12468,6905,5385,,,,,,
54:50.0,00:00.0,100,1,94,75,84,41972,20248,13300,17013,12315,19986,10410,3323,,,,,,
54:51.0,00:00.0,100,1,91,87,89,109782,30515,12684,13141,12058,15355,30273,11529,,,,,,
54:52.0,00:00.0,100,1,69,83,76,325055,94997,20619,11032,4872,6347,4841,931,,,,,,
54:53.0,00:00.0,100,1,78,70,74,3060,11849,15464,13255,30257,17267,10913,6067,,,,,,
54:54.0,00:00.0,100,1,60,63,61,228314,134870,23858,24655,37509,11951,13183,8317,,,,,,
54:55.0,00:00.0,100,1,48,60,54,99259,230875,45376,39480,25226,25445,16239,3551,,,,,,
54:56.0,00:00.0,100,1,54,61,57,1712978,1012181,168583,280803,39095,131530,9012,6275,,,,,,
54:57.0,00:00.0,100,2,38,60,49,1321503,329014,30523,118329,16800,42700,20227,9520,,,,,,
54:58.0,00:00.0,100,2,35,66,50,884929,62273,22309,13324,7154,3995,6093,1571,,,,,,
54:59.0,00:00.0,100,2,34,64,49,293672,198681,23017,35890,20278,19140,16728,6971,,,,,,
55:00.0,00:00.0,100,2,40,63,51,109269,72292,17186,13790,20305,19929,9020,2709,,,,,,
55:01.0,00:00.0,100,2,56,60,58,55680,21105,6285,19652,48833,19917,10985,4188,,,,,,
55:02.0,00:00.0,100,2,70,53,61,300724,55507,6303,27102,54903,17659,9629,2458,,,,,,
55:03.0,00:00.0,100,2,81,57,69,32923,30743,11958,7694,8521,10500,11232,3736,,,,,,
55:04.0,00:00.0,100,2,83,70,76,17747,25311,40543,25792,9943,18922,8334,7919,,,,,,
55:05.0,00:00.0,100,2,77,75,76,190413,16362,5942,4758,4278,5940,3386,943,,,,,,
55:06.0,00:00.0,100,2,66,84,75,583607,66071,18506,69149,40892,13004,25248,4437,,,,,,
55:07.0,00:00.0,100,2,47,78,62,661326,320961,42332,19775,23048,10240,6074,2730,,,,,,
55:08.0,00:00.0,100,2,38,77,57,652557,43765,35557,109803,55203,17489,16140,7000,,,,,,
55:09.0,00:00.0,100,1,21,77,49,180800,21456,4887,4327,943,1156,384,383,,,,,,
55:10.0,00:00.0,100,1,20,66,43,60344,59188,4920,15460,7292,5501,2596,1977,,,,,,
55:11.0,00:00.0,100,1,40,80,60,1412927,42813,28399,30440,12649,19287,3601,2213,,,,,,
55:12.0,00:00.0,100,1,51,57,54,288965,95337,15184,8281,49581,40234,6804,12550,,,,,,
55:13.0,00:00.0,100,1,63,60,61,158415,120734,42636,29025,16599,21931,16746,2574,,,,,,
55:14.0,00:00.0,100,1,57,60,58,116853,44431,3423,9039,3766,2526,4308,1138,,,,,,
55:15.0,00:00.0,100,1,57,64,60,493999,34463,31911,35531,3255,16762,7810,6525,,,,,,
55:16.0,00:00.0,100,1,51,75,63,801571,57040,15495,16284,10047,15257,2417,1113,,,,,,
55:17.0,00:00.0,100,1,51,63,57,560440,62265,3988,6310,9039,8071,2634,1932,,,,,,
55:18.0,00:00.0,100,2,63,64,63,124735,82646,4119,27040,9920,14859,12468,2619,,,,,,
55:19.0,00:00.0,100,2,53,38,45,669332,379421,18912,15041,30416,29959,25187,5756,,,,,,
55:20.0,00:00.0,100,2,60,41,50,988649,74305,59902,58162,94522,58252,18889,11860,,,,,,
55:21.0,00:00.0,100,2,66,53,59,809935,38342,13753,13547,11654,15195,5687,3469,,,,,,
55:22.0,00:00.0,100,2,60,53,56,1321174,89470,10819,29356,25792,11182,5423,5504,,,,,,
55:23.0,00:00.0,100,2,53,57,55,709882,471922,65520,11485,33565,18666,7538,7678,,,,,,
55:24.0,00:00.0,100,2,35,48,41,379239,304482,51484,10519,25879,20955,14501,3687,,,,,,
55:25.0,00:00.0,100,2,30,56,43,2361788,189103,294423,72454,141629,77139,22763,16388,,,,,,
55:26.0,00:00.0,100,2,30,66,48,691643,25473,25543,5385,5809,4653,2168,715,,,,,,
55:27.0,00:00.0,100,2,40,74,57,631094,49430,13608,3495,4942,6009,3457,580,,,,,,
55:28.0,00:00.0,100,2,44,77,60,1158972,323178,98754,50860,156823,48415,40522,22162,,,,,,
55:29.0,00:00.0,100,2,47,67,57,2403108,83179,21859,25492,20232,18918,16535,7675,,,,,,
55:30.0,00:00.0,100,1,47,47,47,1401512,346602,37539,14804,113711,35143,27772,11735,,,,,,
55:31.0,00:00.0,100,1,43,54,48,1586469,82172,42738,25744,11010,9360,11136,2705,,,,,,
55:32.0,00:00.0,100,2,48,60,54,2071590,269770,57355,86223,19405,57268,20942,4844,,,,,,
55:33.0,00:00.0,100,4,54,54,54,1179233,186716,22293,49476,17417,74658,10771,2581,,,,,,
55:34.0,00:00.0,87,1,54,54,54,544459,16588,7421,5326,1191,2332,950,201,,,,,,
55:35.0,00:00.0,100,1,53,63,58,98864,31899,3873,4562,2915,2818,2390,716,,,,,,
55:36.0,00:00.0,100,1,50,48,49,337476,284522,32156,9969,18065,14200,3208,4448,,,,,,
55:37.0,00:00.0,100,1,51,47,49,152949,157363,76690,11830,19380,43351,10427,5251,,,,,,
55:38.0,00:00.0,100,1,48,53,50,587633,38779,5184,28556,21179,14730,13153,8326,,,,,,
55:39.0,00:00.0,100,1,57,54,55,9855,43485,11343,6144,4769,14265,15230,4369,,,,,,
55:40.0,00:00.0,100,1,75,67,71,77057,23088,18685,7605,13018,10353,8855,8628,,,,,,
55:41.0,00:00.0,100,1,80,66,73,107219,32258,18507,8710,40298,16128,21499,3288,,,,,,
55:42.0,00:00.0,100,1,84,66,75,113429,26212,11097,20048,26392,20592,14591,3308,,,,,,
55:43.0,00:00.0,100,1,90,74,82,28306,32728,27535,10089,6204,25145,8672,5683,,,,,,
55:44.0,00:00.0,100,1,93,80,86,171773,18607,8910,52958,16519,22919,20537,7784,,,,,,
55:45.0,00:00.0,100,1,75,77,76,338098,61981,12337,5205,9540,3546,1205,2717,,,,,,
55:46.0,00:00.0,100,1,60,78,69,1230233,144910,41116,43618,15261,16653,7678,2154,,,,,,
55:47.0,00:00.0,100,2,40,75,57,447591,69082,11970,27189,11710,6043,3926,1310,,,,,,
55:48.0,00:00.0,100,2,27,64,45,139184,94503,29196,12201,13152,13449,10783,1682,,,,,,
55:49.0,00:00.0,100,2,30,80,55,1210764,64006,95040,18300,21579,9591,7371,4777,,,,,,
55:50.0,00:00.0,100,2,30,70,50,74732,14879,1816,1653,1099,1342,1115,373,,,,,,
55:51.0,00:00.0,100,2,43,69,56,882555,73961,3310,48757,14737,23591,7474,20733,,,,,,
55:52.0,00:00.0,100,2,48,74,61,693226,60764,22727,43739,40615,22383,13170,4220,,,,,,
55:53.0,00:00.0,100,2,47,57,52,369513,202884,24799,31444,13444,11320,10272,4890,,,,,,
55:54.0,00:00.0,100,2,41,60,50,143504,35091,3880,6100,3214,2051,2809,1450,,,,,,
55:55.0,00:00.0,100,2,27,56,41,733405,290887,93201,21557,35944,18136,12934,7026,,,,,,
55:56.0,00:00.0,100,2,13,51,32,1043882,460187,150326,30454,45534,23162,11849,5050,,,,,,
55:57.0,00:00.0,100,1,17,60,38,2127588,399333,197467,66009,59934,49750,20560,18475,,,,,,
55:58.0,00:00.0,100,1,37,70,53,17339,22840,24249,23542,5136,21713,8687,15105,,,,,,
55:59.0,00:00.0,100,1,41,77,59,1555978,218353,102659,65183,34706,25936,20625,13621,,,,,,
56:00.0,00:00.0,100,1,61,84,72,33434,31392,13777,37277,10532,25626,6817,5193,,,,,,
56:01.0,00:00.0,100,1,63,88,75,91448,55741,26740,45163,18014,10372,8432,5329,,,,,,
56:02.0,00:00.0,100,2,48,78,63,227118,349799,100412,37868,51709,32463,20618,3577,,,,,,
56:03.0,00:00.0,100,2,44,80,62,1510177,52774,26765,19585,15073,5198,2423,2334,,,,,,
56:04.0,00:00.0,100,2,27,75,51,818814,59955,22740,6463,8586,4532,1092,679,,,,,,
56:05.0,00:00.0,100,2,27,77,52,1360931,88889,113726,79795,80616,24846,6303,4105,,,,,,
56:06.0,00:00.0,100,2,29,75,52,239562,189967,36236,29151,20679,18544,10053,2679,,,,,,
56:07.0,00:00.0,100,2,29,78,53,209856,114346,115077,30697,33439,13748,17482,11201,,,,,,
56:08.0,00:00.0,100,2,43,87,65,95523,16247,18774,21684,15440,13162,10987,3863,,,,,,
56:09.0,00:00.0,100,2,50,70,60,37465,64551,2916,15832,9838,12772,5449,3480,,,,,,
56:10.0,00:00.0,100,2,61,78,69,111311,42804,26935,56587,55841,32506,10846,15927,,,,,,
56:11.0,00:00.0,100,2,66,56,61,754941,407357,11831,36611,66400,40278,22481,5335,,,,,,
56:12.0,00:00.0,100,2,57,41,49,1091099,167910,26390,22519,25457,21287,8947,4011,,,,,,
56:13.0,00:00.0,100,2,61,54,57,112097,22250,15003,24963,9673,13668,9717,3217,,,,,,
56:14.0,00:00.0,100,2,53,57,55,1937158,42143,26068,31051,11545,10995,7144,12825,,,,,,
56:15.0,00:00.0,100,2,61,74,67,162290,27013,14784,4113,10760,11216,7521,7872,,,,,,
56:16.0,00:00.0,100,2,75,81,78,23104,22428,6239,21246,10000,18270,13459,4517,,,,,,
56:17.0,00:00.0,100,2,70,78,74,81631,21700,15284,26974,43826,8668,10031,3318,,,,,,
56:18.0,00:00.0,100,2,81,80,80,47425,15901,7076,36607,8578,17240,7631,2891,,,,,,
56:19.0,00:00.0,100,2,77,77,77,231282,95194,25581,13970,16336,17773,34840,5371,,,,,,
56:20.0,00:00.0,100,2,70,69,69,68767,40296,11766,7061,15971,14769,12203,4101,,,,,,
56:21.0,00:00.0,100,2,69,66,67,32955,35925,22031,5544,23270,7315,5658,4173,,,,,,
56:22.0,00:00.0,100,2,74,64,69,68987,31619,18371,53634,15371,42949,14460,3807,,,,,,
56:23.0,00:00.0,100,2,75,75,75,1477470,337139,264319,117645,20787,90215,93365,8072,,,,,,
56:24.0,00:00.0,100,2,67,80,73,680333,16949,1973,12158,6292,3857,9043,1550,,,,,,
56:25.0,00:00.0,100,3,63,87,75,1036570,138341,141220,35644,56908,23874,48240,9439,,,,,,
56:26.0,00:00.0,100,1,47,84,65,2428736,128554,105819,34143,54780,21377,40679,6908,,,,,,
56:27.0,00:00.0,100,1,51,81,66,727776,125716,87628,12806,6945,49840,31839,7476,,,,,,
56:28.0,00:00.0,100,1,50,80,65,561626,84522,24400,25985,19184,14697,32660,3841,,,,,,
56:29.0,00:00.0,100,1,54,63,58,839806,227154,18136,18954,15130,38834,39400,7002,,,,,,
56:30.0,00:00.0,100,2,60,54,57,1152362,353193,53809,103725,59990,57326,20322,16791,,,,,,
56:31.0,00:00.0,100,2,41,40,40,775252,250923,23706,8432,16193,12026,7077,1692,,,,,,
56:32.0,00:00.0,100,2,34,30,32,761586,1699037,270281,62741,50092,89855,68378,24662,,,,,,
56:33.0,00:00.0,100,2,29,44,36,656290,76552,46715,16292,25618,14459,9879,4701,,,,,,
56:34.0,00:00.0,100,2,37,48,42,601779,92353,59015,10817,51891,28926,15452,6763,,,,,,
56:35.0,00:00.0,100,2,57,64,60,60010,18757,20354,8539,12446,17714,11692,2127,,,,,,
56:36.0,00:00.0,100,2,69,67,68,339618,30458,6959,4284,8689,5462,5163,1866,,,,,,
56:37.0,00:00.0,100,2,78,61,69,160879,47259,13174,8382,13223,20317,10652,3822,,,,,,
56:38.0,00:00.0,100,2,83,66,74,33028,24917,19504,33102,17173,23677,36069,5728,,,,,,
56:39.0,00:00.0,100,2,66,60,63,108029,23604,7862,2000,3275,2551,3455,1616,,,,,,
56:40.0,00:00.0,100,2,74,70,72,57804,24602,37794,7478,12638,20084,3645,3225,,,,,,
56:41.0,00:00.0,100,1,74,77,75,2486592,82297,47666,13909,28359,36188,29164,10533,,,,,,
56:42.0,00:00.0,100,1,66,74,70,463019,37677,13597,24224,25495,13086,3501,4623,,,,,,
56:43.0,00:00.0,100,1,74,81,77,75711,57239,5018,61236,22557,15924,13863,3356,,,,,,
56:44.0,00:00.0,100,1,63,80,71,227045,15435,12465,4512,5048,3430,1166,2185,,,,,,
56:45.0,00:00.0,100,1,70,81,75,71858,4248,5371,4796,4970,8170,18071,3261,,,,,,
56:46.0,00:00.0,100,1,69,70,69,36954,81306,8948,13933,27430,14907,11250,6069,,,,,,
56:47.0,00:00.0,100,1,66,53,59,964747,156234,14172,5413,15575,14952,25256,7382,,,,,,
56:48.0,00:00.0,100,1,56,47,51,198153,162421,61675,20579,24807,9807,29208,11364,,,,,,
56:49.0,00:00.0,100,1,43,41,42,56961,70445,36904,7865,51004,15696,18238,5796,,,,,,
56:50.0,00:00.0,100,1,38,57,47,1850922,55574,48551,48785,28724,13544,16626,8564,,,,,,
56:51.0,00:00.0,100,2,40,67,53,160039,32136,8246,5232,8020,4637,5403,2553,,,,,,
56:52.0,00:00.0,100,2,51,64,57,312783,127975,29946,21692,35615,23401,11682,5315,,,,,,
56:53.0,00:00.0,100,2,41,70,55,304876,190344,93690,30801,20364,14827,11460,7637,,,,,,
56:54.0,00:00.0,100,2,35,60,47,86956,65652,10408,12500,11371,3519,3099,641,,,,,,
56:55.0,00:00.0,100,2,27,51,39,867760,505037,55085,39559,85442,40638,44522,20315,,,,,,
56:56.0,00:00.0,100,2,29,67,48,17232,1745,3005,2837,700,1144,186,178,,,,,,
56:57.0,00:00.0,100,2,44,63,53,778166,111259,25847,27713,24683,37867,6265,6172,,,,,,
56:58.0,00:00.0,100,2,54,70,62,829070,13345,11498,16436,20777,4348,3609,826,,,,,,
56:59.0,00:00.0,100,1,48,94,71,459494,35307,47934,46248,14343,4300,7624,2273,,,,,,
57:00.0,00:00.0,100,1,41,83,62,402685,86725,11597,44671,17263,11714,8622,4948,,,,,,
57:01.0,00:00.0,100,1,43,83,63,22437,53039,14906,15275,22284,20642,7994,2325,,,,,,
57:02.0,00:00.0,100,2,51,80,65,573366,161565,49960,132638,78325,90480,33229,4536,,,,,,
57:03.0,00:00.0,100,2,66,66,66,703397,41966,18487,8087,13525,9694,2995,1817,,,,,,
57:04.0,00:00.0,100,2,51,61,56,156242,22894,4411,3617,5052,589,704,585,,,,,,
57:05.0,00:00.0,100,2,35,77,56,919419,69386,202247,18273,50173,12294,5137,1742,,,,,,
57:06.0,00:00.0,100,2,26,67,46,572022,53106,5060,13096,27712,9037,9131,2269,,,,,,
57:07.0,00:00.0,100,2,30,61,45,348608,90181,5234,21781,19604,24719,12499,5946,,,,,,
57:08.0,00:00.0,100,2,50,60,55,24204,144501,21485,25482,12740,21292,17106,11380,,,,,,
57:09.0,00:00.0,100,2,66,56,61,230525,49837,93475,23704,15318,41602,8335,16231,,,,,,
57:10.0,00:00.0,100,2,80,60,70,104115,3323,309,5720,12380,4889,4220,894,,,,,,
57:11.0,00:00.0,100,2,84,64,74,55493,71492,10898,26518,14687,36109,11918,2469,,,,,,
57:12.0,00:00.0,100,2,77,64,70,525844,173035,43444,10329,25688,11233,11951,4827,,,,,,
57:13.0,00:00.0,100,2,66,53,59,640470,95058,20709,20223,11318,13730,3850,7200,,,,,,
57:14.0,00:00.0,100,2,44,53,48,342288,85723,13812,16240,16946,6327,796,630,,,,,,
57:15.0,00:00.0,100,2,14,60,37,842844,163310,95511,21067,13025,5088,3938,1863,,,,,,
57:16.0,00:00.0,100,2,17,53,35,92483,229799,20502,20517,36376,20252,11281,6016,,,,,,
57:17.0,00:00.0,100,2,14,43,28,3316525,990581,60758,97370,363328,88465,30341,9545,,,,,,
57:18.0,00:00.0,100,2,14,44,29,726576,73330,17708,12007,7268,5259,3728,1654,,,,,,
57:19.0,00:00.0,100,2,26,37,31,160588,150311,42712,4407,7384,9622,2795,1630,,,,,,
57:20.0,00:00.0,100,2,23,57,40,1273001,145483,106434,206543,56674,24055,6487,5364,,,,,,
57:21.0,00:00.0,100,2,41,74,57,1252765,19566,9623,19997,18000,21590,8942,3836,,,,,,
57:22.0,00:00.0,100,2,57,75,66,870546,31515,4268,24514,21324,17384,6073,3000,,,,,,
57:23.0,00:00.0,100,2,74,69,71,66930,97037,12811,8017,15568,25618,29097,5138,,,,,,
57:24.0,00:00.0,100,2,83,56,69,5490,43067,19643,8926,17649,10125,6640,6983,,,,,,
57:25.0,00:00.0,100,2,70,57,63,418373,36218,10544,18621,7752,8557,3098,3504,,,,,,
57:26.0,00:00.0,100,2,54,60,57,226458,115761,61843,6099,17170,11947,6841,2027,,,,,,
57:27.0,00:00.0,100,3,35,57,46,1128758,143059,4976,14380,24473,4505,2904,2097,,,,,,
57:28.0,00:00.0,100,2,27,64,45,1062815,21275,9160,20502,11680,3436,2139,1321,,,,,,
57:29.0,00:00.0,100,2,21,57,39,84252,13427,3682,1593,5021,1313,896,313,,,,,,
57:30.0,00:00.0,100,2,37,63,50,82403,49854,38208,52282,8624,41070,10970,2488,,,,,,
57:31.0,00:00.0,100,2,57,67,62,79059,91103,17832,6432,12806,26938,11374,1927,,,,,,
57:32.0,00:00.0,100,2,81,61,71,22296,14416,12246,5118,7087,22799,9543,2642,,,,,,
57:33.0,00:00.0,100,2,88,69,78,91328,38085,28810,11980,5428,10636,8420,6023,,,,,,
57:34.0,00:00.0,100,2,81,75,78,15709,16788,43071,13913,9612,13241,22337,7372,,,,,,
57:35.0,00:00.0,100,2,77,90,83,8332,14210,17253,15355,12901,6544,8596,4174,,,,,,
57:36.0,00:00.0,100,2,60,90,75,13643,40760,13985,13863,13036,8889,10584,2124,,,,,,
57:37.0,00:00.0,100,2,69,87,78,26464,19021,16892,7086,13634,14691,9955,5846,,,,,,
57:38.0,00:00.0,100,2,63,67,65,35672,103979,14105,14454,12258,11518,6462,6031,,,,,,
57:39.0,00:00.0,100,2,66,63,64,261793,30309,13397,17137,11780,11950,8493,3704,,,,,,
57:40.0,00:00.0,100,2,77,54,65,20541,34645,2942,6409,7642,15757,15308,3335,,,,,,
57:41.0,00:00.0,100,2,77,57,67,13512,12527,5336,19807,7229,12546,8146,7228,,,,,,
57:42.0,00:00.0,100,2,94,61,77,11839,14571,13686,1086,25969,14804,7407,4152,,,,,,
57:43.0,00:00.0,100,2,91,57,74,8051,45823,13123,13867,14691,10897,14938,3322,,,,,,
57:44.0,00:00.0,100,2,93,70,81,15180,16060,40033,4570,21469,27419,8136,4729,,,,,,
57:45.0,00:00.0,100,2,88,67,77,46116,33225,8227,23924,9798,12149,11458,3825,,,,,,
57:46.0,00:00.0,100,2,56,74,65,1995865,253999,29379,87356,17737,8516,8922,3963,,,,,,
57:47.0,00:00.0,100,2,47,74,60,695630,158704,45305,35477,19596,12138,5703,4231,,,,,,
57:48.0,00:00.0,100,2,24,75,49,1110734,39535,25029,11066,3233,4443,1218,1230,,,,,,
57:49.0,00:00.0,100,3,11,69,40,975610,92175,15064,21402,9631,5633,2699,2069,,,,,,
57:50.0,00:00.0,100,3,21,78,49,1156330,90038,105518,56337,44868,17337,16428,5583,,,,,,
57:51.0,00:00.0,100,3,29,80,54,597894,80234,3670,61840,20265,14834,20198,3680,,,,,,
57:52.0,00:00.0,100,3,47,69,58,22397,32007,4180,17947,25271,16601,13350,3660,,,,,,
57:53.0,00:00.0,100,3,63,74,68,5719,39755,7088,19337,4186,14689,6395,14424,,,,,,
57:54.0,00:00.0,100,3,69,70,69,433754,39914,51972,8986,16176,13352,12764,2372,,,,,,
57:55.0,00:00.0,100,3,69,70,69,127933,63313,30767,19031,13597,11749,17523,1974,,,,,,
57:56.0,00:00.0,100,3,66,75,70,15132,22303,10865,5876,16952,8683,13018,1471,,,,,,
57:57.0,00:00.0,100,3,64,70,67,11496,46536,3500,15972,11804,13659,2920,2375,,,,,,
57:58.0,00:00.0,100,3,77,53,65,5457,42609,5691,5105,7519,24108,6127,2305,,,,,,
57:59.0,00:00.0,100,3,77,54,65,179322,60050,33468,20701,17315,12742,12691,5218,,,,,,
58:00.0,00:00.0,100,3,78,61,69,28790,23230,34517,10118,6961,19359,12931,2215,,,,,,
58:01.0,00:00.0,100,3,87,67,77,8558,11329,7229,10660,11316,12853,13384,3124,,,,,,
58:02.0,00:00.0,100,3,91,84,87,20514,10790,22301,26740,9356,37670,5642,1795,,,,,,
58:03.0,00:00.0,100,3,100,81,90,6858,10587,9767,8350,12621,17681,22949,10056,,,,,,
58:04.0,00:00.0,100,3,94,74,84,25803,78304,22185,12536,19432,7913,7643,1451,,,,,,
58:05.0,00:00.0,100,3,87,77,82,16337,14187,14008,15674,14217,8835,4095,4092,,,,,,
58:06.0,00:00.0,100,3,81,69,75,26751,26320,8718,16178,18345,16979,7266,5453,,,,,,
58:07.0,00:00.0,100,3,60,78,69,5678,48876,41836,29298,14899,8023,11063,2867,,,,,,
58:08.0,00:00.0,100,3,69,78,73,165820,39146,13195,16020,24696,15069,8465,3378,,,,,,
58:09.0,00:00.0,100,3,81,70,75,112504,17353,5290,9943,5475,21007,7004,5501,,,,,,
58:10.0,00:00.0,100,3,74,83,78,43899,18754,20614,39456,14997,13287,9222,3443,,,,,,
58:11.0,00:00.0,100,3,94,75,84,13907,13310,7931,15412,20430,19565,4494,7027,,,,,,
58:12.0,00:00.0,100,3,90,80,85,68656,42330,38329,11153,25020,12142,6271,4450,,,,,,
58:13.0,00:00.0,100,3,80,81,80,40810,19073,12878,7257,15215,9426,4622,3585,,,,,,
58:14.0,00:00.0,100,3,70,80,75,77543,38309,45560,18910,16821,6811,6221,4789,,,,,,
58:15.0,00:00.0,100,3,66,80,73,17909,14470,10283,9521,18100,13010,5788,2500,,,,,,
58:16.0,00:00.0,100,3,66,81,73,387606,116620,37441,140270,76752,30950,15014,5503,,,,,,
58:17.0,00:00.0,100,3,43,74,58,50505,38476,4303,3725,3724,1087,860,720,,,,,,
58:18.0,00:00.0,100,3,43,64,53,1542028,128191,54843,23509,41194,14447,4727,3488,,,,,,
58:19.0,00:00.0,100,3,23,56,39,568143,115250,18326,9159,18745,7088,4113,1224,,,,,,
58:20.0,00:00.0,100,2,17,56,36,859756,120995,56798,60682,21149,17844,8803,3340,,,,,,
58:21.0,00:00.0,100,2,35,54,44,161920,3931,394,334,544,563,245,47,,,,,,
58:22.0,00:00.0,100,2,43,63,53,1065873,49796,88325,16387,16813,25229,6563,3024,,,,,,
58:23.0,00:00.0,100,2,48,66,57,832957,33813,7069,3597,6723,3379,5633,1397,,,,,,
58:24.0,00:00.0,100,2,54,63,58,272729,10133,8323,2585,3431,3469,1749,1783,,,,,,
58:25.0,00:00.0,100,2,64,78,71,44551,34836,9970,38931,11536,25059,17344,4788,,,,,,
58:26.0,00:00.0,100,2,63,66,64,70156,23546,5498,5054,1929,4109,1537,782,,,,,,
58:27.0,00:00.0,100,2,63,75,69,11175,75866,39620,15337,3284,11799,6160,5190,,,,,,
58:28.0,00:00.0,100,2,54,64,59,98226,260570,59863,13164,48746,23276,12041,11085,,,,,,
58:29.0,00:00.0,100,2,40,70,55,1473844,83886,102923,49110,17741,18116,8074,5564,,,,,,
58:30.0,00:00.0,100,2,41,77,59,2282275,58240,35925,9291,11405,13711,11304,2786,,,,,,
58:31.0,00:00.0,100,3,37,87,62,1096591,54835,101948,55730,18488,10635,4530,627,,,,,,
58:32.0,00:00.0,100,2,41,80,60,183906,45146,3098,3412,6244,6009,3997,3229,,,,,,
58:33.0,00:00.0,100,2,30,66,48,745633,27840,4271,7288,4810,1117,514,325,,,,,,
58:34.0,00:00.0,100,2,26,69,47,41312,10711,4226,4014,766,1476,274,368,,,,,,
58:35.0,00:00.0,100,2,41,54,47,81712,48793,16814,18097,21331,23558,5243,5612,,,,,,
58:36.0,00:00.0,100,2,53,67,60,25590,13195,15047,1219,10774,10253,8341,1779,,,,,,
58:37.0,00:00.0,100,2,70,83,76,150674,26469,46824,16851,7147,15144,8188,6923,,,,,,
58:38.0,00:00.0,100,2,67,78,72,369698,22003,12794,6860,17417,2287,2271,2004,,,,,,
58:39.0,00:00.0,100,2,60,93,76,11296,19378,50146,19281,11049,10302,7135,4495,,,,,,
58:40.0,00:00.0,100,2,60,93,76,13462,9934,3870,13083,19892,9668,9099,5967,,,,,,
58:41.0,00:00.0,100,2,56,78,67,4385,38463,7340,8021,15810,6450,24945,8384,,,,,,
58:42.0,00:00.0,100,2,67,81,74,15543,47895,27560,24338,17086,16835,14655,4789,,,,,,
58:43.0,00:00.0,100,2,70,78,74,14054,12768,17884,18834,5749,8077,19301,1689,,,,,,
58:44.0,00:00.0,100,2,61,83,72,87277,10187,2117,9672,2845,2855,1679,334,,,,,,
58:45.0,00:00.0,100,2,74,90,82,9754,26409,11127,17768,5287,19724,2795,3259,,,,,,
58:46.0,00:00.0,100,2,75,81,78,2822,32277,4153,9990,12387,10100,8776,4434,,,,,,
58:47.0,00:00.0,100,2,81,69,75,18091,15758,20642,6378,30547,12415,4123,1923,,,,,,
58:48.0,00:00.0,100,2,93,67,80,11856,11431,20482,3458,12540,16184,8020,2777,,,,,,
58:49.0,00:00.0,100,2,87,56,71,105841,20031,2462,2693,6012,4981,3272,386,,,,,,
58:50.0,00:00.0,100,2,77,57,67,304858,14894,3501,2877,3340,1704,2655,1261,,,,,,
58:51.0,00:00.0,100,2,75,61,68,18893,13393,11980,10646,11492,8989,13164,3309,,,,,,
58:52.0,00:00.0,100,2,69,61,65,8641,35201,32334,8654,19661,22207,19574,4597,,,,,,
58:53.0,00:00.0,100,2,63,70,66,8710,40182,21082,8772,16814,6747,5622,2433,,,,,,
58:54.0,00:00.0,100,2,64,87,75,17402,27035,23019,41328,6294,8262,5648,4590,,,,,,
58:55.0,00:00.0,100,2,61,87,74,10300,16454,13104,10521,7497,6850,5535,2471,,,,,,
58:56.0,00:00.0,100,2,56,93,74,27570,13014,11487,18301,9155,6800,7310,1934,,,,,,
58:57.0,00:00.0,100,2,63,93,78,43173,22429,18007,28250,59197,14090,10699,4610,,,,,,
58:58.0,00:00.0,100,2,56,69,62,2761248,458558,32597,30977,22397,22835,22248,6422,,,,,,
58:59.0,00:00.0,100,2,44,61,52,1648493,102958,26446,20607,50435,10026,4701,1525,,,,,,
59:00.0,00:00.0,100,2,37,60,48,33085,41063,28380,21904,10997,6788,9423,7845,,,,,,
59:01.0,00:00.0,100,2,43,61,52,18041,7986,4476,10223,7005,8282,5161,6178,,,,,,
59:02.0,00:00.0,100,2,57,83,70,17990,21932,32863,9791,3995,11378,11925,2375,,,,,,
59:03.0,00:00.0,100,2,53,84,68,900950,42166,11232,9960,15239,2381,2037,679,,,,,,
59:04.0,00:00.0,100,2,47,69,58,717878,534792,108178,5868,8220,25815,7986,6515,,,,,,
59:05.0,00:00.0,100,2,40,63,51,470571,117255,30546,19582,17567,32830,3434,2630,,,,,,
59:06.0,00:00.0,100,1,24,47,35,792250,127551,10523,18384,5369,6388,4598,5634,,,,,,
59:07.0,00:00.0,100,1,34,51,42,2167285,76738,64973,15067,35548,12799,9977,2500,,,,,,
59:08.0,00:00.0,100,1,24,47,35,326791,126524,5146,10846,9053,2408,1723,750,,,,,,
59:09.0,00:00.0,100,1,13,44,28,542647,232182,31202,36124,16094,24119,20010,13647,,,,,,
59:10.0,00:00.0,100,1,27,56,41,241377,62431,36412,23209,5591,20405,4972,3478,,,,,,
59:11.0,00:00.0,100,2,34,50,42,1541090,373344,115015,54744,77906,85684,5602,11354,,,,,,
59:12.0,00:00.0,100,2,53,56,54,625580,157174,16631,31309,26442,23380,9566,3025,,,,,,
59:13.0,00:00.0,100,2,57,54,55,249401,19484,870,4473,3682,2561,3844,1560,,,,,,
59:14.0,00:00.0,100,2,61,47,54,74671,57120,10415,13285,14363,17642,6305,2749,,,,,,
59:15.0,00:00.0,100,2,66,53,59,476547,43589,31230,16973,4089,21332,7637,6054,,,,,,
59:16.0,00:00.0,100,2,74,54,64,870837,76042,25398,12592,52405,25607,11973,3703,,,,,,
59:17.0,00:00.0,100,2,61,44,52,1513215,446567,18570,26762,59419,19695,25266,7882,,,,,,
59:18.0,00:00.0,100,1,44,44,44,186788,21051,3348,3211,1377,1392,895,327,,,,,,
59:19.0,00:00.0,100,1,35,37,36,1005860,237640,13103,55007,13398,28646,12534,6386,,,,,,
59:20.0,00:00.0,100,1,34,37,35,78076,51391,12730,7511,4306,14253,4990,2682,,,,,,
59:21.0,00:00.0,100,1,57,56,56,115217,14880,6209,28200,20367,20396,7743,3992,,,,,,
59:22.0,00:00.0,100,1,69,56,62,939051,97070,37332,5046,32135,20208,13851,12488,,,,,,
59:23.0,00:00.0,100,1,75,70,72,89289,29991,49451,11901,11514,15049,3004,1098,,,,,,
59:24.0,00:00.0,100,1,84,78,81,326502,15877,13105,16664,12400,22751,5845,4226,,,,,,
59:25.0,00:00.0,100,1,78,75,76,33791,65968,13643,30051,14700,21421,6737,4347,,,,,,
59:26.0,00:00.0,100,2,78,69,73,38985,10464,1301,1507,2553,1648,275,87,,,,,,
59:27.0,00:00.0,100,2,80,60,70,980461,12528,6490,4530,13024,4367,1833,495,,,,,,
59:28.0,00:00.0,100,2,64,56,60,742304,149168,34768,49028,34057,26959,6728,3850,,,,,,
59:29.0,00:00.0,100,2,51,60,55,343780,43229,16576,16753,7340,4587,1572,871,,,,,,
59:30.0,00:00.0,100,2,51,74,62,1950821,112552,45248,65989,38825,27676,10096,4230,,,,,,
59:31.0,00:00.0,100,2,48,78,63,131195,60977,37939,25389,23481,18198,10539,8638,,,,,,
59:32.0,00:00.0,100,2,56,77,66,86287,49961,12286,15465,11758,21761,4550,1764,,,,,,
59:33.0,00:00.0,100,2,64,67,65,138851,33702,1768,11488,6623,6029,5490,1826,,,,,,
59:34.0,00:00.0,100,2,69,61,65,120649,111546,41014,10423,6370,30377,9395,5673,,,,,,
59:35.0,00:00.0,100,2,64,51,57,277436,107223,19064,14686,26599,12432,16819,4569,,,,,,
59:36.0,00:00.0,100,2,51,56,53,97667,113462,68713,12203,28388,15011,9065,2415,,,,,,
59:37.0,00:00.0,100,2,56,50,53,39948,40128,2648,8979,34440,9618,6078,12792,,,,,,
59:38.0,00:00.0,100,2,50,61,55,57056,36832,39331,30002,15244,10219,6160,6524,,,,,,
59:39.0,00:00.0,100,2,38,67,52,188958,158123,61655,31343,15729,7218,6723,5651,,,,,,
59:40.0,00:00.0,100,2,54,67,60,420377,42576,45893,9482,20634,44547,15841,7785,,,,,,
59:41.0,00:00.0,100,2,53,83,68,80734,64527,38679,31079,18191,23541,8190,1957,,,,,,
59:42.0,00:00.0,100,2,64,80,72,184576,31704,27418,5408,3710,17478,7506,12217,,,,,,
59:43.0,00:00.0,100,2,70,77,73,92883,153685,56508,9747,16020,13823,13321,5757,,,,,,
59:44.0,00:00.0,100,2,64,77,70,811045,37431,14117,18141,12865,15920,5991,8275,,,,,,
59:45.0,00:00.0,100,2,63,74,68,683787,42465,17603,12292,6112,9765,6393,1040,,,,,,
59:46.0,00:00.0,100,2,57,47,52,2753212,206499,3668,10564,39524,35385,8891,1653,,,,,,
59:47.0,00:00.0,100,4,60,53,56,2180349,195705,139839,83319,68190,27094,19091,5384,,,,,,
59:48.0,00:00.0,100,2,41,60,50,72438,7987,5415,2359,1386,675,305,203,,,,,,
59:49.0,00:00.0,100,1,40,54,47,722094,56372,11561,16017,17599,11021,4323,2118,,,,,,
59:50.0,00:00.0,100,1,21,80,50,856417,68271,16756,46629,32507,3644,8356,2592,,,,,,
59:51.0,00:00.0,100,2,29,77,53,977877,88177,36280,36392,24394,24266,12566,4007,,,,,,
59:52.0,00:00.0,100,1,38,64,51,20161,17092,1568,4893,4922,2078,769,234,,,,,,
59:53.0,00:00.0,100,1,34,63,48,363908,126189,22863,27225,57765,12759,7833,2683,,,,,,
59:54.0,00:00.0,100,1,50,44,47,409152,191924,20087,3973,22665,27226,9569,10616,,,,,,
59:55.0,00:00.0,100,2,38,40,39,1976245,317403,102580,38263,86319,23518,6918,5344,,,,,,
59:56.0,00:00.0,100,2,27,35,31,1410722,771234,88725,34956,39166,32251,20476,10695,,,,,,
59:57.0,00:00.0,100,2,41,40,40,3065360,273260,39258,139482,59420,109937,49918,5772,,,,,,
59:58.0,00:00.0,100,2,47,60,53,1055220,46536,45167,62238,55858,34735,28340,6130,,,,,,
59:59.0,00:00.0,100,2,48,67,57,293092,93571,58066,46341,12319,13300,10203,11983,,,,,,
00:00.0,00:00.0,100,2,74,77,75,71794,50240,9630,21690,8325,29784,10014,4886,,,,,,
00:01.0,00:00.0,100,2,75,77,76,17585,26712,2376,26235,30190,16002,11356,9817,,,,,,
00:02.0,00:00.0,100,2,67,74,70,32576,41962,3161,33103,12352,9156,27833,3246,,,,,,
00:03.0,00:00.0,100,2,78,70,74,556249,58960,36943,35168,26053,21485,12223,7019,,,,,,
00:04.0,00:00.0,100,2,83,61,72,16461,21951,6380,3431,28114,19233,9442,4074,,,,,,
00:05.0,00:00.0,100,2,81,66,73,14904,19890,7463,25183,16836,13772,8172,9005,,,,,,
00:06.0,00:00.0,100,2,84,66,75,22059,21175,8191,13926,7402,6751,4691,1756,,,,,,
00:07.0,00:00.0,100,2,84,63,73,20262,63288,19295,25316,17515,15722,5717,3220,,,,,,
00:08.0,00:00.0,100,2,63,90,76,484893,11204,27627,50328,21157,6948,11361,2294,,,,,,
00:09.0,00:00.0,100,2,51,81,66,1250059,736740,190504,76472,87617,93861,26531,9059,,,,,,
00:10.0,00:00.0,100,2,43,81,62,843084,57941,38381,6268,9419,7172,6711,1777,,,,,,
00:11.0,00:00.0,100,2,40,77,58,1569636,33429,6674,6867,13436,4583,3565,1825,,,,,,
00:12.0,00:00.0,100,2,51,57,54,79565,40586,6708,14883,13052,15416,33004,6038,,,,,,
00:13.0,00:00.0,100,2,63,54,58,36922,50324,6246,9410,7988,19183,16265,6464,,,,,,
00:14.0,00:00.0,100,2,67,63,65,18849,34434,54943,46272,14399,18410,18045,6397,,,,,,
00:15.0,00:00.0,100,2,66,60,63,325993,140523,14091,20225,38865,14394,35867,9328,,,,,,
00:16.0,00:00.0,100,2,69,69,69,18406,8034,15142,12569,15040,11036,7775,6098,,,,,,
00:17.0,00:00.0,100,2,61,87,74,39729,25488,22194,39250,14064,12019,7154,2249,,,,,,
00:18.0,00:00.0,100,2,61,78,69,158068,23500,8552,7875,4492,4410,2657,853,,,,,,
00:19.0,00:00.0,100,2,57,83,70,208700,128026,13328,40713,16668,12812,11054,2418,,,,,,
00:20.0,00:00.0,100,2,44,91,67,237667,28792,54283,33787,7719,9221,8127,1043,,,,,,
00:21.0,00:00.0,100,2,23,69,46,956709,512773,32892,46552,23755,10511,22495,8360,,,,,,
00:22.0,00:00.0,100,2,16,64,40,374370,40853,7102,6235,4567,3389,2700,1960,,,,,,
00:23.0,00:00.0,100,2,14,56,35,852328,227892,20300,23268,17197,16118,12416,2422,,,,,,
00:24.0,00:00.0,100,2,21,38,29,415430,33043,3469,8801,7068,7495,4054,1050,,,,,,
00:25.0,00:00.0,100,2,38,48,43,44695,71237,12321,21423,16840,8875,9468,1718,,,,,,
00:26.0,00:00.0,100,2,51,51,51,111559,66271,11560,35514,10626,22185,6931,2510,,,,,,
00:27.0,00:00.0,100,2,61,53,57,29378,82748,11022,8408,8025,15970,6667,2831,,,,,,
00:28.0,00:00.0,100,2,56,70,63,137216,17612,35737,26215,14378,7632,16517,1820,,,,,,
00:29.0,00:00.0,100,2,60,77,68,417914,73399,54575,33268,23508,19433,11990,6202,,,,,,
00:30.0,00:00.0,100,2,43,67,55,210243,149910,13311,15398,6837,6706,4635,1291,,,,,,
00:31.0,00:00.0,100,2,43,84,63,314602,2755,3894,1165,743,1305,1010,507,,,,,,
00:32.0,00:00.0,100,2,41,88,64,1424824,6668,42903,21308,3779,5421,4265,3108,,,,,,
00:33.0,00:00.0,100,2,43,67,55,480900,109313,4307,9423,15810,19118,16539,10834,,,,,,
00:34.0,00:00.0,100,2,56,61,58,46962,68267,4878,7348,11344,12064,5952,8839,,,,,,
00:35.0,00:00.0,100,2,60,54,57,45909,20471,20866,7812,12543,10914,18867,2218,,,,,,
00:36.0,00:00.0,100,2,70,44,57,22304,10443,27219,20391,15031,13342,8681,4794,,,,,,
00:37.0,00:00.0,100,2,69,63,66,71356,102901,84993,25776,11209,26244,7197,3434,,,,,,
00:38.0,00:00.0,100,2,67,83,75,253824,23643,48010,12386,7583,11864,10466,14904,,,,,,
00:39.0,00:00.0,100,2,53,80,66,97619,104452,47058,7260,3294,7858,8994,4211,,,,,,
00:40.0,00:00.0,100,2,47,64,55,12203,51137,7817,7437,10077,9061,10651,8858,,,,,,
00:41.0,00:00.0,100,2,61,53,57,79037,46556,5165,15093,13062,31364,16756,1961,,,,,,
00:42.0,00:00.0,100,2,61,44,52,375603,70199,39926,16208,20586,16919,8047,5986,,,,,,
00:43.0,00:00.0,100,2,83,44,63,29921,18903,3527,28481,23669,23926,5659,5931,,,,,,
00:44.0,00:00.0,100,2,81,40,60,324942,199406,5701,26069,21285,25561,10268,14302,,,,,,
00:45.0,00:00.0,100,2,67,50,58,15260,18630,3275,18069,7883,4382,8279,9441,,,,,,
00:46.0,00:00.0,100,2,69,47,58,9916,29171,8273,10299,17283,7565,6943,4445,,,,,,
00:47.0,00:00.0,100,2,54,54,54,173081,57169,39020,67739,16260,18231,10245,3532,,,,,,
00:48.0,00:00.0,100,2,51,54,52,123468,306021,25656,19134,54016,27672,13679,12708,,,,,,
00:49.0,00:00.0,100,2,60,50,55,62193,58972,17930,19027,18545,22655,12854,5589,,,,,,
00:50.0,00:00.0,100,2,63,57,60,156081,36796,57298,20252,19633,27781,11436,5960,,,,,,
00:51.0,00:00.0,100,2,54,50,52,148698,79028,23451,17389,5919,5127,1610,1702,,,,,,
00:52.0,00:00.0,100,2,66,63,64,31782,22299,22331,4360,12493,12422,13122,23502,,,,,,
00:53.0,00:00.0,100,2,70,54,62,118586,12704,1368,1519,3562,6372,7496,1275,,,,,,
00:54.0,00:00.0,100,1,61,34,47,234417,275200,21791,3879,18518,29671,20222,9136,,,,,,
00:55.0,00:00.0,100,1,70,29,49,422992,90658,35536,10598,29410,14650,10716,11738,,,,,,
00:56.0,00:00.0,100,1,64,30,47,13406,62580,48618,13345,14837,18448,8501,2794,,,,,,
00:57.0,00:00.0,100,1,44,47,45,82953,46183,13468,28381,7426,5225,20322,6476,,,,,,
00:58.0,00:00.0,100,1,43,56,49,182241,108776,12790,16356,8410,11571,14316,1441,,,,,,
00:59.0,00:00.0,100,1,43,53,48,1576919,190568,37263,20369,26649,27166,14720,19526,,,,,,
01:00.0,00:00.0,100,1,51,48,49,12600,12999,3884,6508,7387,6859,10464,2031,,,,,,
01:01.0,00:00.0,100,1,64,53,58,8781,12772,30116,16084,13507,12631,11431,5503,,,,,,
01:02.0,00:00.0,100,1,74,64,69,709549,23231,57643,10203,40688,15442,16439,3572,,,,,,
01:03.0,00:00.0,100,1,93,60,76,142105,16453,5826,2524,12308,30966,10650,13656,,,,,,
01:04.0,00:00.0,100,1,88,61,74,186729,76498,58396,1894,11615,38981,31026,23928,,,,,,
01:05.0,00:00.0,100,1,81,41,61,1630815,59486,6438,887,3443,10585,4483,3215,,,,,,
01:06.0,00:00.0,100,1,81,35,58,103890,42235,16456,18517,17223,18273,6107,2012,,,,,,
01:07.0,00:00.0,100,2,54,47,50,251940,179590,84178,55349,27630,24103,14111,7619,,,,,,
01:08.0,00:00.0,100,2,50,43,46,185539,39747,3308,11105,4386,8703,6135,2722,,,,,,
01:09.0,00:00.0,100,2,50,54,52,378818,75147,10949,27268,4931,16488,6620,7369,,,,,,
01:10.0,00:00.0,100,2,37,50,43,425169,82739,19488,5210,16738,5598,4121,1423,,,,,,
01:11.0,00:00.0,100,2,34,48,41,238081,222359,108112,24918,46942,17898,12870,13798,,,,,,
01:12.0,00:00.0,100,2,30,63,46,881684,10838,58449,22756,27093,14004,31533,7229,,,,,,
01:13.0,00:00.0,100,2,43,61,52,1063447,24906,17396,11049,18773,28992,15647,2432,,,,,,
01:14.0,00:00.0,100,2,53,69,61,164533,37131,32444,11723,22821,11092,11012,9816,,,,,,
01:15.0,00:00.0,100,2,56,53,54,282759,204263,13649,6635,22922,17536,34537,7494,,,,,,
01:16.0,00:00.0,100,2,60,47,53,198470,62975,44457,22999,19046,27136,12607,5185,,,,,,
01:17.0,00:00.0,100,2,54,30,42,994843,59757,6055,3871,44421,19209,9770,8954,,,,,,
01:18.0,00:00.0,100,2,63,29,46,182601,50885,27493,19060,14943,30900,8369,3576,,,,,,
01:19.0,00:00.0,100,2,75,41,58,168123,12245,2668,3417,4024,4715,3637,1510,,,,,,
01:20.0,00:00.0,100,2,81,34,57,9504,17800,11207,422,10810,13332,6244,2499,,,,,,
01:21.0,00:00.0,100,2,75,47,61,15362,50909,26057,2369,16058,9790,13146,7330,,,,,,
01:22.0,00:00.0,100,2,78,44,61,21645,11391,15747,5553,32089,17444,20711,6365,,,,,,
01:23.0,00:00.0,100,2,67,48,57,286015,91283,18235,41370,17831,14744,9997,6223,,,,,,
01:24.0,00:00.0,100,2,61,54,57,1088801,110345,57059,26230,12546,44528,16337,5588,,,,,,
01:25.0,00:00.0,100,2,54,41,47,1164301,371367,14993,21109,28525,22970,17661,32013,,,,,,
01:26.0,00:00.0,100,2,53,43,48,18606,19954,2834,18065,18031,18917,14108,13780,,,,,,
01:27.0,00:00.0,100,2,53,40,46,74231,136887,32629,22339,18575,15500,9130,2149,,,,,,
01:28.0,00:00.0,100,2,40,34,37,1695614,370464,55757,49409,26681,26771,14099,7413,,,,,,
01:29.0,00:00.0,100,2,66,34,50,22037,39549,3510,5472,21974,44538,17675,3341,,,,,,
01:30.0,00:00.0,100,2,60,29,44,1980520,93000,5440,27547,7339,31069,25625,11252,,,,,,
01:31.0,00:00.0,100,2,64,34,49,45113,15311,10119,10099,16045,5175,7711,5039,,,,,,
01:32.0,00:00.0,100,2,74,29,51,372745,257211,31634,24315,34327,49218,30814,9496,,,,,,
01:33.0,00:00.0,100,2,61,50,55,239380,25947,1793,58227,25805,18612,10089,2174,,,,,,
01:34.0,00:00.0,100,2,48,57,52,71126,84388,54970,13717,16908,9845,9296,3111,,,,,,
01:35.0,00:00.0,100,2,47,54,50,47633,50958,20115,7517,7444,8903,7268,5694,,,,,,
01:36.0,00:00.0,100,2,51,66,58,1319026,25864,26227,11068,13809,19062,8341,10479,,,,,,
01:37.0,00:00.0,100,2,41,69,55,76874,11572,11951,8290,2149,2739,1778,568,,,,,,
01:38.0,00:00.0,100,2,48,77,62,13086,25151,48246,20953,12639,11967,12840,8438,,,,,,
01:39.0,00:00.0,100,2,43,77,60,374373,125943,39895,14195,8860,10386,4583,2022,,,,,,
01:40.0,00:00.0,100,2,50,75,62,44119,13798,9256,13676,5937,23602,7232,2616,,,,,,
01:41.0,00:00.0,100,2,57,67,62,256245,57360,32381,17261,9232,24050,8592,1738,,,,,,
01:42.0,00:00.0,100,2,66,50,58,56490,53213,19204,3113,48456,22157,9726,12620,,,,,,
01:43.0,00:00.0,100,2,64,27,45,371920,531806,4895,16682,30275,29029,23078,7655,,,,,,
01:44.0,00:00.0,100,2,44,16,30,584206,276953,25106,17742,35032,25181,46553,8367,,,,,,
01:45.0,00:00.0,100,2,40,10,25,116975,107410,29074,3546,2873,17629,22634,7188,,,,,,
01:46.0,00:00.0,100,2,47,14,30,18840,20428,4692,13556,16296,19112,12488,8840,,,,,,
01:47.0,00:00.0,100,2,53,40,46,129875,120630,42778,42800,15146,20538,22865,3260,,,,,,
01:48.0,00:00.0,100,2,51,40,45,190707,131581,11564,12264,49318,11917,10304,5283,,,,,,
01:49.0,00:00.0,100,2,48,53,50,599985,37100,54869,12120,8105,8557,31860,2860,,,,,,
01:50.0,00:00.0,100,2,37,51,44,167922,106667,21510,17348,24334,20623,12073,5749,,,,,,
01:51.0,00:00.0,100,2,35,50,42,382527,171937,76503,62497,111350,27707,9839,4795,,,,,,
01:52.0,00:00.0,100,2,34,48,41,844651,180126,21562,4919,43105,11517,12893,5953,,,,,,
01:53.0,00:00.0,100,2,26,43,34,624716,149885,120969,21896,41332,12711,13365,5368,,,,,,
01:54.0,00:00.0,100,2,21,57,39,422064,44642,45331,30975,6462,9910,3064,1536,,,,,,
01:55.0,00:00.0,100,2,20,63,41,667544,57682,34345,28865,10371,9430,8308,3462,,,,,,
01:56.0,00:00.0,100,4,17,69,43,2493797,766641,98512,148213,153318,41273,14014,10111,,,,,,
01:57.0,00:00.0,100,1,27,61,44,118187,15263,3392,1821,1403,2896,784,149,,,,,,
01:58.0,00:00.0,100,1,24,48,36,551725,269210,34801,32222,21917,17087,2901,1833,,,,,,
01:59.0,00:00.0,100,2,16,37,26,434013,246992,33721,35094,18827,10557,3672,638,,,,,,
02:00.0,00:00.0,100,2,26,38,32,1621240,151604,64244,16964,63153,27304,13083,3319,,,,,,
02:01.0,00:00.0,100,2,17,47,32,1320432,357546,222776,61627,53496,40068,10942,8201,,,,,,
02:02.0,00:00.0,100,2,21,54,37,577409,57094,20626,24841,6793,7466,3906,2182,,,,,,
02:03.0,00:00.0,100,2,26,61,43,237321,23301,10573,4145,2735,2413,3343,619,,,,,,
02:04.0,00:00.0,100,1,24,69,46,1398617,86618,96704,13614,31723,18121,18423,6055,,,,,,
02:05.0,00:00.0,100,1,30,54,42,713752,307785,15243,29597,40319,43895,13872,5935,,,,,,
02:06.0,00:00.0,100,1,43,38,40,2930501,286891,15664,24554,37438,83808,49102,7572,,,,,,
02:07.0,00:00.0,100,2,47,24,35,1586706,537816,3616,68269,31760,57178,7008,2496,,,,,,
02:08.0,00:00.0,100,2,43,14,28,79005,16978,2940,2365,1920,1465,781,507,,,,,,
02:09.0,00:00.0,100,2,47,17,32,393217,45957,2610,6549,5894,9278,3675,1199,,,,,,
02:10.0,00:00.0,100,2,38,30,34,660646,81167,32944,14537,11171,14117,2172,1806,,,,,,
02:11.0,00:00.0,100,2,38,30,34,992571,192418,7791,22537,28913,20510,12666,6505,,,,,,
02:12.0,00:00.0,100,2,40,29,34,107096,180524,16813,20642,13851,17541,4517,3228,,,,,,
02:13.0,00:00.0,100,2,37,27,32,66655,75818,6261,7578,16299,8617,9044,2585,,,,,,
02:14.0,00:00.0,100,2,29,14,21,174505,172658,8780,9529,17652,9824,13196,3373,,,,,,
02:15.0,00:00.0,100,2,35,20,27,1763827,185839,34805,30495,53756,52057,7295,3476,,,,,,
02:16.0,00:00.0,100,2,37,26,31,341076,96964,15688,55393,46688,15805,6320,2782,,,,,,
02:17.0,00:00.0,100,3,43,34,38,208520,41126,4026,20051,22851,12370,2251,1634,,,,,,
02:18.0,00:00.0,100,2,51,44,47,967874,51413,7054,19816,19635,10956,4084,946,,,,,,
02:19.0,00:00.0,100,2,44,54,49,163636,5750,3218,3465,1200,1272,260,365,,,,,,
02:20.0,00:00.0,100,2,38,48,43,2208291,761146,56985,129769,51128,46376,15397,10130,,,,,,
02:21.0,00:00.0,100,2,30,44,37,1472170,146755,17739,31890,119185,15164,17629,5919,,,,,,
02:22.0,00:00.0,100,2,27,50,38,91099,11881,3160,6485,1579,2155,784,234,,,,,,
02:23.0,00:00.0,100,2,27,35,31,1746888,168163,13129,14841,14226,16483,6274,2067,,,,,,
02:24.0,00:00.0,100,2,34,41,37,774614,76607,15462,39613,14748,10301,3305,1126,,,,,,
02:25.0,00:00.0,100,2,29,50,39,421209,35013,4830,17564,8578,3600,1640,160,,,,,,
02:26.0,00:00.0,100,2,24,41,32,3054355,277261,15028,56496,48838,20120,17406,3952,,,,,,
02:27.0,00:00.0,100,2,20,56,38,2131544,425891,393413,48902,60959,52835,7474,8704,,,,,,
02:28.0,00:00.0,100,2,13,48,30,1790029,724539,17708,141151,27255,33679,3894,3034,,,,,,
02:29.0,00:00.0,100,1,23,29,26,228403,127742,3660,5505,14032,24345,5074,1065,,,,,,
02:30.0,00:00.0,100,1,37,26,31,1209999,189230,23635,17173,40596,46747,26838,5004,,,,,,
02:31.0,00:00.0,100,1,29,16,22,666522,121456,8232,30995,5681,4575,1998,1891,,,,,,
02:32.0,00:00.0,100,1,35,20,27,1546525,300228,77662,18380,18259,25209,10646,18656,,,,,,
02:33.0,00:00.0,100,2,40,37,38,867060,49890,21994,60151,114057,33747,1627,1043,,,,,,
02:34.0,00:00.0,100,2,35,48,41,786634,108043,8981,100537,82643,25491,24090,6503,,,,,,
02:35.0,00:00.0,100,2,38,54,46,604372,221174,94762,42138,17467,15269,7353,3202,,,,,,
02:36.0,00:00.0,100,2,43,44,43,425499,23834,1256,2180,6882,3046,1024,591,,,,,,
02:37.0,00:00.0,100,2,29,35,32,1027685,317837,15453,32662,26503,22044,17025,7576,,,,,,
02:38.0,00:00.0,100,2,27,30,28,809679,26376,4323,10589,11679,4045,2013,1443,,,,,,
02:39.0,00:00.0,100,2,50,16,33,584453,45927,5222,7883,59217,28143,15444,6521,,,,,,
02:40.0,00:00.0,100,2,47,29,38,386598,129740,42091,24491,27417,12586,5808,2467,,,,,,
02:41.0,00:00.0,100,2,63,37,50,327868,35328,9285,12654,25450,16992,8396,6301,,,,,,
02:42.0,00:00.0,100,2,64,27,45,95179,56475,5448,6923,15259,8967,5318,2794,,,,,,
02:43.0,00:00.0,100,2,60,48,54,64786,31520,39955,14324,6445,24353,3031,1768,,,,,,
02:44.0,00:00.0,100,2,60,30,45,94035,54739,371,3426,4674,4080,846,429,,,,,,
02:45.0,00:00.0,100,2,43,26,34,128091,29832,2576,2755,1105,1941,1098,208,,,,,,
02:46.0,00:00.0,100,2,40,23,31,284092,520439,30767,44249,43627,51980,30834,9259,,,,,,
02:47.0,00:00.0,100,2,29,8,18,496965,89487,13345,3581,32806,9855,2536,1618,,,,,,
02:48.0,00:00.0,100,2,44,23,33,686341,82234,25088,32999,34634,45747,3431,2929,,,,,,
02:49.0,00:00.0,100,1,70,27,48,1542198,71271,15834,60644,122556,144711,7378,7575,,,,,,
02:50.0,00:00.0,100,1,77,41,59,210978,30543,18256,15513,13783,8970,7583,2335,,,,,,
02:51.0,00:00.0,100,1,78,43,60,318562,130722,4883,21562,12764,18278,9861,4938,,,,,,
02:52.0,00:00.0,100,1,64,35,49,444746,135482,7108,14280,10015,13499,7520,2328,,,,,,
02:53.0,00:00.0,100,1,56,43,49,182843,16932,7205,32757,24133,20878,19690,3036,,,,,,
02:54.0,00:00.0,100,1,50,40,45,351156,40345,19896,2451,8045,4270,2322,796,,,,,,
02:55.0,00:00.0,100,1,57,40,48,1647830,63251,7464,9035,19064,19638,17510,4106,,,,,,
02:56.0,00:00.0,100,2,47,53,50,93883,134298,64804,28778,21512,5932,7553,2161,,,,,,
02:57.0,00:00.0,100,2,30,54,42,320213,50431,41981,31141,21780,10920,15061,11540,,,,,,
02:58.0,00:00.0,100,2,37,48,42,2489432,154528,13154,19462,12640,21462,9218,2585,,,,,,
02:59.0,00:00.0,100,2,14,53,33,1066603,70666,10074,15391,3089,2418,4233,3199,,,,,,
03:00.0,00:00.0,100,2,20,57,38,574048,37351,29975,13595,1763,3548,2791,667,,,,,,
03:01.0,00:00.0,100,2,26,53,39,19319,37360,12201,13148,7425,10329,8789,1917,,,,,,
03:02.0,00:00.0,100,2,34,53,43,134697,36584,11099,4093,34433,11853,3272,8809,,,,,,
03:03.0,00:00.0,100,2,51,50,50,37143,48861,4260,11377,14513,13307,6320,1863,,,,,,
03:04.0,00:00.0,100,2,75,43,59,48764,3775,1907,15116,24582,10240,5540,2777,,,,,,
03:05.0,00:00.0,100,2,78,35,56,48650,63245,7117,7344,6702,18210,4410,3810,,,,,,
03:06.0,00:00.0,100,2,74,38,56,55543,66059,18327,6446,7617,11495,6528,2715,,,,,,
03:07.0,00:00.0,100,2,69,47,58,10198,23030,9380,11098,5685,6423,10619,6321,,,,,,
03:08.0,00:00.0,100,2,50,35,42,98217,76250,5717,3632,6785,5452,1467,675,,,,,,
03:09.0,00:00.0,100,2,41,54,47,535785,7305,22363,4929,5698,3163,1584,1169,,,,,,
03:10.0,00:00.0,100,2,44,66,55,926621,5138,10714,8206,6474,4311,4397,1231,,,,,,
03:11.0,00:00.0,100,2,53,67,60,77969,14136,19483,3410,9219,12634,6036,731,,,,,,
03:12.0,00:00.0,100,2,57,80,68,273822,139042,47310,40376,17395,25467,6655,7527,,,,,,
03:13.0,00:00.0,100,2,48,67,57,1635488,99203,48969,5561,22515,5075,3293,1398,,,,,,
03:14.0,00:00.0,100,2,51,60,55,266043,18520,13550,7626,17652,9920,2358,427,,,,,,
03:15.0,00:00.0,100,2,47,60,53,533335,47546,19910,33727,14325,20192,3995,4754,,,,,,
03:16.0,00:00.0,100,2,38,48,43,1378098,228787,20668,10633,29698,13015,5733,2906,,,,,,
03:17.0,00:00.0,100,2,43,43,43,1800504,541040,100002,61169,21602,34720,18282,6307,,,,,,
03:18.0,00:00.0,100,2,35,40,37,939161,40075,7517,8898,8801,6489,2513,2030,,,,,,
03:19.0,00:00.0,100,2,26,30,28,1560361,128363,13218,19750,11363,11315,15632,1624,,,,,,
03:20.0,00:00.0,100,2,43,35,39,50920,53723,7950,7352,10736,20759,4714,6943,,,,,,
03:21.0,00:00.0,100,2,54,44,49,200264,42022,12147,39688,15125,15854,6128,2854,,,,,,
03:22.0,00:00.0,100,2,63,51,57,15900,17900,5545,24308,2703,12939,2355,6496,,,,,,
03:23.0,00:00.0,100,2,66,50,58,80219,146360,13421,22553,40725,17224,2541,7850,,,,,,
03:24.0,00:00.0,100,2,57,48,52,114080,23981,1903,2748,6023,3799,1822,789,,,,,,
03:25.0,00:00.0,100,2,61,48,54,18678,17602,20423,10333,16927,10772,3097,4308,,,,,,
03:26.0,00:00.0,100,2,60,44,52,287447,42842,47834,6645,18519,22908,8100,2381,,,,,,
03:27.0,00:00.0,100,2,74,56,65,22237,23955,18529,10980,8192,18451,4666,1101,,,,,,
03:28.0,00:00.0,100,2,93,50,71,12068,22991,4288,234,13505,34046,5801,3819,,,,,,
03:29.0,00:00.0,100,2,88,47,67,8444,42251,12240,25703,13960,12509,4670,1377,,,,,,
03:30.0,00:00.0,100,2,87,44,65,71737,6188,4181,2846,3494,2929,2477,1721,,,,,,
03:31.0,00:00.0,100,2,81,48,64,14706,31618,5832,49983,11184,20696,6148,3981,,,,,,
03:32.0,00:00.0,100,2,74,66,70,36165,16194,23010,8540,17148,26582,6368,3155,,,,,,
03:33.0,00:00.0,100,2,83,61,72,93973,33535,14917,7808,9210,24761,5900,2458,,,,,,
03:34.0,00:00.0,100,2,77,57,67,3307,29571,7902,6569,13028,5268,6835,1941,,,,,,
03:35.0,00:00.0,100,2,75,47,61,45373,28719,11118,1527,17549,8812,5791,4858,,,,,,
03:36.0,00:00.0,100,2,61,50,55,40144,44058,15610,42093,26370,13175,7788,3885,,,,,,
03:37.0,00:00.0,100,2,48,47,47,203783,113095,9860,26117,16404,16145,4589,8987,,,,,,
03:38.0,00:00.0,100,2,50,51,50,5964,30231,2913,20665,8599,7271,12023,1248,,,,,,
03:39.0,00:00.0,100,2,54,48,51,5082,14502,2667,3033,13309,7449,5540,3373,,,,,,
03:40.0,00:00.0,100,2,64,44,54,7820,15610,6465,13767,4953,12620,8005,2937,,,,,,
03:41.0,00:00.0,100,2,67,53,60,326165,44325,12566,32151,9351,11679,8755,3403,,,,,,
03:42.0,00:00.0,100,2,60,56,58,20474,41780,7323,33922,9734,5096,14280,974,,,,,,
03:43.0,00:00.0,100,2,64,57,60,23960,14223,3382,3919,11364,14600,4881,2340,,,,,,
03:44.0,00:00.0,100,2,53,50,51,1355273,191176,27111,18465,40927,25601,10690,8328,,,,,,
03:45.0,00:00.0,100,2,43,60,51,690884,20762,42131,36174,10222,4390,1658,534,,,,,,
03:46.0,00:00.0,100,2,40,53,46,2122870,462652,185589,13331,27521,26917,6024,4032,,,,,,
03:47.0,00:00.0,100,2,20,57,38,517728,127074,41554,19572,50476,15286,16907,7070,,,,,,
03:48.0,00:00.0,100,2,10,56,33,419234,104909,10147,6809,9367,4425,1638,2331,,,,,,
03:49.0,00:00.0,100,2,20,30,25,585739,331127,15577,27938,39968,45127,10321,16046,,,,,,
03:50.0,00:00.0,100,2,21,26,23,424179,320266,30219,74576,55983,17842,15330,10200,,,,,,
03:51.0,00:00.0,100,1,17,16,16,711357,147528,10437,4278,17938,8519,2197,1624,,,,,,
03:52.0,00:00.0,100,1,30,23,26,249450,213410,66895,63857,73599,58205,27580,3574,,,,,,
03:53.0,00:00.0,100,1,21,34,27,1041386,26965,7446,1930,4149,1439,667,427,,,,,,
03:54.0,00:00.0,100,1,35,37,36,1416926,149185,42544,26308,11860,43190,14303,4308,,,,,,
03:55.0,00:00.0,100,1,47,48,47,135429,58387,25230,8081,17898,20474,7847,6283,,,,,,
03:56.0,00:00.0,100,1,38,60,49,144453,9858,16453,3880,953,2071,1802,449,,,,,,
03:57.0,00:00.0,100,1,40,47,43,129856,166021,9634,3059,25373,7462,8996,4042,,,,,,
03:58.0,00:00.0,100,1,35,53,44,367305,80800,58123,35490,19630,19860,6359,9374,,,,,,
03:59.0,00:00.0,100,1,14,50,32,98436,253209,26605,41231,15825,7024,6713,3387,,,,,,
04:00.0,00:00.0,100,1,20,40,30,88062,51685,4364,32723,22297,11035,4777,2225,,,,,,
04:01.0,00:00.0,100,1,17,51,34,675175,302005,40337,37512,30649,14492,5360,7155,,,,,,
04:02.0,00:00.0,100,2,23,47,35,658182,100757,33585,59436,56178,35737,6260,2013,,,,,,
04:03.0,00:00.0,100,2,38,47,42,1301958,262683,47406,34041,19905,38870,11602,3100,,,,,,
04:04.0,00:00.0,100,2,37,37,37,288178,23972,623,2803,1715,2606,1491,944,,,,,,
04:05.0,00:00.0,100,3,43,35,39,167242,15871,1390,2677,2168,1883,1258,481,,,,,,
04:06.0,00:00.0,100,3,30,41,35,648880,12929,8805,11254,3952,1686,900,265,,,,,,
04:07.0,00:00.0,100,3,27,51,39,2094198,49562,30928,95131,72824,15329,2598,3143,,,,,,
04:08.0,00:00.0,100,3,20,51,35,210237,58405,7315,1826,7642,2842,2060,989,,,,,,
04:09.0,00:00.0,100,2,30,53,41,600874,119632,32432,23227,51852,56723,4337,1080,,,,,,
04:10.0,00:00.0,100,2,35,44,39,2490207,208944,52658,44038,20432,20459,16907,4497,,,,,,
04:11.0,00:00.0,100,2,30,30,30,750457,563790,100134,15538,27395,44528,5232,3549,,,,,,
04:12.0,00:00.0,100,2,47,35,41,712287,28246,4347,5292,15248,8451,7144,1421,,,,,,
04:13.0,00:00.0,100,2,34,40,37,1423306,79474,13391,24907,9220,9082,5301,1687,,,,,,
04:14.0,00:00.0,100,2,34,40,37,713937,362458,113602,59184,58126,37023,3611,2198,,,,,,
04:15.0,00:00.0,100,2,30,44,37,2124189,614568,127525,105880,33514,34705,21073,3788,,,,,,
04:16.0,00:00.0,100,2,17,44,30,1448843,65853,2917,12250,9188,4862,568,407,,,,,,
04:17.0,00:00.0,100,2,27,50,38,797732,42122,34240,17654,19534,16812,3922,1843,,,,,,
04:18.0,00:00.0,87,2,27,50,38,145935,11151,7946,19558,37941,17141,3107,1685,,,,,,
04:19.0,00:00.0,74,2,27,50,38,2449320,206821,247526,188557,50234,77851,23925,7929,,,,,,
04:20.0,00:00.0,87,2,27,50,38,1192567,297650,199473,60243,184095,174093,20039,3990,,,,,,
04:21.0,00:00.0,100,2,24,56,40,216587,25493,29724,18843,20367,4089,778,1212,,,,,,
04:22.0,00:00.0,100,2,35,57,46,1312153,43235,5487,21568,10310,8197,1138,819,,,,,,
04:23.0,00:00.0,100,2,47,60,53,933472,502664,83118,79838,45952,139704,11370,7461,,,,,,
04:24.0,00:00.0,100,2,44,50,47,410457,50908,5420,10677,14001,12635,832,892,,,,,,
04:25.0,00:00.0,100,2,64,40,52,275100,21528,3666,14060,24162,16220,1131,1164,,,,,,
04:26.0,00:00.0,87,5,64,40,52,1037403,2093605,913329,410244,84778,300926,22601,7174,,,,,,
04:27.0,00:00.0,87,5,64,40,52,1058531,64467,86722,27350,40264,27837,15644,10662,,,,,,
04:28.0,00:00.0,100,5,56,37,46,963828,82425,30828,4216,30668,7072,4799,875,,,,,,
04:29.0,00:00.0,100,2,47,38,42,2103189,662655,149069,65545,23122,58017,26254,9598,,,,,,
04:30.0,00:00.0,100,2,41,47,44,1745050,89323,56772,18268,44831,16537,15704,6689,,,,,,
04:31.0,00:00.0,100,2,16,51,33,396615,47480,23445,5390,7029,2217,1402,743,,,,,,
04:32.0,00:00.0,100,2,8,41,24,3061326,1669731,29529,102190,48628,40869,11901,4876,,,,,,
04:33.0,00:00.0,100,2,10,40,25,156015,36408,10024,1412,2866,3833,3131,1414,,,,,,
04:34.0,00:00.0,100,2,1,34,17,610940,388763,84420,6435,18562,16613,49387,7593,,,,,,
04:35.0,00:00.0,100,2,8,29,18,1594579,37945,9969,10422,10830,3854,2007,1207,,,,,,
04:36.0,00:00.0,100,2,27,43,35,2142631,147751,82969,15074,35214,48464,8740,2694,,,,,,
04:37.0,00:00.0,100,2,21,41,31,847766,374062,68107,27617,49723,18763,9672,4794,,,,,,
04:38.0,00:00.0,100,2,43,44,43,667300,57329,31220,23739,70573,45773,8168,1553,,,,,,
04:39.0,00:00.0,100,2,50,44,47,184029,17609,10343,2953,13144,4037,1806,422,,,,,,
04:40.0,00:00.0,100,2,44,41,42,1979681,284849,67706,49910,129351,40792,12980,8226,,,,,,
04:41.0,00:00.0,100,2,57,53,55,261779,15371,12676,21961,16724,9037,1576,3309,,,,,,
04:42.0,00:00.0,100,1,40,50,45,1814007,549090,67175,74875,41231,44686,14573,6648,,,,,,
04:43.0,00:00.0,100,1,38,53,45,1134963,64588,6057,43329,24987,12824,12325,6291,,,,,,
04:44.0,00:00.0,100,2,53,57,55,102722,37378,32893,15122,21507,35889,4751,4963,,,,,,
04:45.0,00:00.0,100,2,51,54,52,414372,102624,35652,31212,18093,26367,9989,6935,,,,,,
04:46.0,00:00.0,100,2,41,40,40,2020410,751657,5104,42437,196915,17020,21484,10480,,,,,,
04:47.0,00:00.0,100,2,44,43,43,1497252,27566,29874,4001,15236,11253,5946,5116,,,,,,
04:48.0,00:00.0,100,2,26,34,30,593524,453016,20383,76295,28261,34346,14253,7424,,,,,,
04:49.0,00:00.0,100,3,35,38,36,1167804,221721,260982,250857,89478,264449,137821,14424,,,,,,
04:50.0,00:00.0,100,2,56,50,53,2048370,633746,58823,105126,126674,195458,151682,25719,,,,,,
04:51.0,00:00.0,100,2,57,47,52,914373,69219,38449,14100,22901,21012,11231,5018,,,,,,
04:52.0,00:00.0,100,2,54,51,52,193501,184958,47189,16132,9190,11011,7431,2720,,,,,,
04:53.0,00:00.0,100,2,44,43,43,144372,75092,8795,20604,11479,14659,11801,2637,,,,,,
04:54.0,00:00.0,100,2,30,43,36,367086,174260,25060,12810,18956,10719,28481,16878,,,,,,
04:55.0,00:00.0,100,2,26,30,28,87662,38973,2102,3154,8041,4237,1946,1089,,,,,,
04:56.0,00:00.0,100,2,43,30,36,110499,45674,15578,14327,24292,17425,7468,1845,,,,,,
04:57.0,00:00.0,100,2,40,34,37,27169,51041,18173,8076,11330,9085,12600,4759,,,,,,
04:58.0,00:00.0,100,2,54,29,41,167372,51315,2439,7109,11348,13364,6832,4374,,,,,,
04:59.0,00:00.0,100,2,57,47,52,138428,28180,23500,13452,6173,11781,6395,1979,,,,,,
05:00.0,00:00.0,100,2,61,47,54,23425,21533,5117,9518,14472,11844,7431,3359,,,,,,
05:01.0,00:00.0,100,2,75,47,61,145940,6571,1007,3754,1477,5317,2262,2254,,,,,,
05:02.0,00:00.0,100,2,67,61,64,307978,21753,15072,29602,25918,7667,4128,5137,,,,,,
05:03.0,00:00.0,100,2,77,54,65,90492,25273,12955,7799,8133,23048,16244,6378,,,,,,
05:04.0,00:00.0,100,2,74,48,61,20622,29675,2178,5168,14463,8119,8041,5259,,,,,,
05:05.0,00:00.0,100,2,64,53,58,144535,41927,13522,33413,15628,14803,9901,3605,,,,,,
05:06.0,00:00.0,100,2,60,43,51,323439,178404,17373,26648,11501,14830,11355,3972,,,,,,
05:07.0,00:00.0,100,2,40,30,35,121116,60941,4057,3666,2842,4016,3261,2262,,,,,,
05:08.0,00:00.0,100,2,37,47,42,38147,28178,30625,6542,13758,8369,9852,1565,,,,,,
05:09.0,00:00.0,100,2,38,43,40,11377,23691,8953,7980,11499,8340,7644,1537,,,,,,
05:10.0,00:00.0,100,2,47,53,50,16369,31599,34083,2961,9016,10812,11907,2820,,,,,,
05:11.0,00:00.0,100,2,53,60,56,225844,108669,8680,25966,8717,18197,5530,3564,,,,,,
05:12.0,00:00.0,100,2,60,41,50,132865,66262,4187,7595,41916,21323,10051,6384,,,,,,
05:13.0,00:00.0,100,2,56,48,52,1026131,35944,49938,10754,14202,15302,18886,11260,,,,,,
05:14.0,00:00.0,100,2,54,41,47,333520,76238,24281,10410,9934,13442,6312,3159,,,,,,
05:15.0,00:00.0,100,2,60,56,58,46333,14031,26990,10115,4596,11406,8652,2575,,,,,,
05:16.0,00:00.0,100,2,54,78,66,141837,37440,55885,27987,14646,16988,9844,2799,,,,,,
05:17.0,00:00.0,100,2,63,81,72,22508,6404,30126,4861,4515,16121,6979,3602,,,,,,
05:18.0,00:00.0,100,2,74,74,74,43973,23340,2040,4061,7101,11378,14570,2739,,,,,,
05:19.0,00:00.0,100,2,78,57,67,118503,17151,2254,2967,1823,7596,1721,983,,,,,,
05:20.0,00:00.0,100,2,74,53,63,169008,85639,52561,53230,35681,16399,11257,3661,,,,,,
05:21.0,00:00.0,100,2,53,30,41,578886,297940,17029,17201,5372,15137,8718,10118,,,,,,
05:22.0,00:00.0,100,2,57,38,47,23915,17017,7386,5893,12785,18374,16339,6192,,,,,,
05:23.0,00:00.0,100,2,57,47,52,43759,15723,17583,12056,22571,17812,3867,3965,,,,,,
05:24.0,00:00.0,100,2,57,53,55,301243,59769,37232,131727,12284,18579,6576,5552,,,,,,
05:25.0,00:00.0,100,2,77,74,75,63495,7887,21479,7115,4647,13065,2993,3866,,,,,,
05:26.0,00:00.0,100,2,63,78,70,31108,28947,6017,11606,5160,6492,13848,8311,,,,,,
05:27.0,00:00.0,100,2,50,77,63,250019,90637,41623,9512,16788,12839,19837,6350,,,,,,
05:28.0,00:00.0,100,2,57,63,60,13446,30491,11482,11962,16719,12588,13148,4316,,,,,,
05:29.0,00:00.0,100,2,64,56,60,21298,7028,10284,7830,11402,16545,20241,7787,,,,,,
05:30.0,00:00.0,100,2,75,57,66,47961,19820,14018,14250,10834,16386,3035,4314,,,,,,
05:31.0,00:00.0,100,2,83,64,73,23867,13806,16332,15579,6543,12107,9577,3020,,,,,,
05:32.0,00:00.0,100,2,83,63,73,23216,76456,7381,23743,17840,26171,15492,3467,,,,,,
05:33.0,00:00.0,100,1,66,50,58,307260,79484,7822,5044,27358,9281,2826,1577,,,,,,
05:34.0,00:00.0,100,1,60,47,53,78975,59529,40135,6054,28599,19443,8055,7336,,,,,,
05:35.0,00:00.0,100,1,54,34,44,147341,109943,17348,12664,16393,20970,15765,4876,,,,,,
05:36.0,00:00.0,100,1,54,38,46,21190,23096,10877,14087,14322,10826,9834,2338,,,,,,
05:37.0,00:00.0,100,1,56,47,51,1039772,48631,10117,8239,11350,9903,19437,10448,,,,,,
05:38.0,00:00.0,100,1,40,34,37,1555397,284441,16122,14567,31974,10201,22802,8297,,,,,,
05:39.0,00:00.0,100,1,43,27,35,34374,98283,3059,14389,20569,23899,24701,8459,,,,,,
05:40.0,00:00.0,100,1,37,21,29,190830,173926,30787,15264,15825,26408,16829,12630,,,,,,
05:41.0,00:00.0,100,1,43,26,34,16623,17060,14244,10984,20363,12210,14565,3160,,,,,,
05:42.0,00:00.0,100,1,64,43,53,23719,14984,10245,10534,5841,13117,11076,2781,,,,,,
05:43.0,00:00.0,100,1,70,53,61,51353,12311,3226,13787,16851,10264,4193,8236,,,,,,
05:44.0,00:00.0,100,1,78,66,72,91485,36285,28219,57961,23806,27378,7653,7441,,,,,,
05:45.0,00:00.0,100,1,81,66,73,11094,28433,1857,25402,6326,22500,7139,3979,,,,,,
05:46.0,00:00.0,100,1,80,70,75,49969,12343,16132,20029,13512,15034,4775,10767,,,,,,
05:47.0,00:00.0,100,1,64,75,69,36225,75359,44333,21293,16519,11142,21743,6666,,,,,,
05:48.0,00:00.0,100,1,50,80,65,240588,118658,227440,28207,6685,15198,19922,15802,,,,,,
05:49.0,00:00.0,100,1,41,84,62,23109,18220,10949,20156,9464,8885,8822,11077,,,,,,
05:50.0,00:00.0,100,1,48,77,62,22139,10258,2604,8981,9690,13559,5830,4265,,,,,,
05:51.0,00:00.0,100,1,69,74,71,5149,5017,7857,10705,17295,18173,7235,3670,,,,,,
05:52.0,00:00.0,100,1,67,53,60,804598,102851,18625,4040,9871,3948,8276,2814,,,,,,
05:53.0,00:00.0,100,1,60,53,56,1967219,132278,82051,49542,36172,21679,11308,12672,,,,,,
05:54.0,00:00.0,100,1,47,56,51,1512772,149569,91710,26722,31713,41218,27474,8924,,,,,,
05:55.0,00:00.0,100,1,24,51,37,1744564,357372,93285,20696,11824,35225,16606,2316,,,,,,
05:56.0,00:00.0,100,1,29,57,43,1043359,212135,12587,97123,12206,17369,22950,5258,,,,,,
05:57.0,00:00.0,100,2,29,61,45,167568,11470,17095,6750,7941,2972,833,796,,,,,,
05:58.0,00:00.0,100,2,29,56,42,2874017,92873,15055,24668,20091,17961,8547,4230,,,,,,
05:59.0,00:00.0,100,2,27,53,40,212466,111047,14626,9787,8981,8889,6637,715,,,,,,
06:00.0,00:00.0,100,2,40,47,43,668535,56480,1536,21851,32027,15693,7462,3188,,,,,,
06:01.0,00:00.0,100,2,47,38,42,47773,13404,2703,5308,1958,3476,820,393,,,,,,
06:02.0,00:00.0,100,2,48,30,39,612202,101702,11808,7253,10609,20145,7166,1949,,,,,,
06:03.0,00:00.0,100,2,48,35,41,1272672,671463,104679,68746,33448,50730,31485,7434,,,,,,
06:04.0,00:00.0,100,2,35,35,35,1060878,692843,49670,136846,78133,43827,47166,18463,,,,,,
06:05.0,00:00.0,100,2,26,26,26,1022279,1627139,91028,221631,73375,139871,19113,12612,,,,,,
06:06.0,00:00.0,100,2,24,38,31,674100,26409,25056,6225,21651,6707,1984,1762,,,,,,
06:07.0,00:00.0,100,2,35,40,37,2177995,123662,26382,33870,52093,38203,12172,5829,,,,,,
06:08.0,00:00.0,100,2,43,37,40,805757,294291,20914,44253,62954,39558,12134,4544,,,,,,
06:09.0,00:00.0,100,2,50,50,50,181376,41411,39625,20769,18814,14186,11282,2115,,,,,,
06:10.0,00:00.0,100,2,44,37,40,852855,294027,19440,18303,15353,24639,12776,7650,,,,,,
06:11.0,00:00.0,100,2,44,40,42,744180,243601,96085,51867,55110,67017,11122,15054,,,,,,
06:12.0,00:00.0,100,2,44,44,44,52319,107119,4258,39859,18494,18152,5913,6488,,,,,,
06:13.0,00:00.0,100,2,38,40,39,214285,24467,9937,2704,2791,2914,2528,699,,,,,,
06:14.0,00:00.0,100,2,44,54,49,233425,128231,71127,37110,18136,31932,9991,8588,,,,,,
06:15.0,00:00.0,100,2,51,53,52,365455,40397,24443,10468,30811,29284,31179,6259,,,,,,
06:16.0,00:00.0,100,2,48,53,50,108418,47711,9650,9363,11540,6321,3106,1621,,,,,,
06:17.0,00:00.0,100,2,53,56,54,436572,124310,35856,66182,29204,26118,11689,6515,,,,,,
06:18.0,00:00.0,100,2,56,50,53,1203722,132463,40875,31535,58839,44144,11306,10687,,,,,,
06:19.0,00:00.0,100,2,40,43,41,443907,94750,9647,11709,8925,8002,3051,963,,,,,,
06:20.0,00:00.0,100,1,41,51,46,842036,107978,47558,64097,17515,22560,15677,5541,,,,,,
06:21.0,00:00.0,100,2,47,48,47,327841,63467,20944,15160,23382,17550,8767,3667,,,,,,
06:22.0,00:00.0,100,2,41,48,44,26032,50451,10745,12507,14348,9382,6144,4010,,,,,,
06:23.0,00:00.0,100,2,48,51,49,104869,81939,18215,11544,16551,13956,5351,3057,,,,,,
06:24.0,00:00.0,100,2,53,54,53,39077,23707,49736,29579,20169,18800,6912,3987,,,,,,
06:25.0,00:00.0,100,2,53,63,58,5152,15511,27406,12539,16419,10132,10305,8818,,,,,,
06:26.0,00:00.0,100,2,48,64,56,23645,100033,12505,33122,11502,11424,10457,4631,,,,,,
06:27.0,00:00.0,100,2,63,56,59,25711,11025,1434,2513,16423,10160,10752,2400,,,,,,
06:28.0,00:00.0,100,2,61,47,54,115921,28395,19236,6886,25765,8341,8550,1829,,,,,,
06:29.0,00:00.0,100,2,74,38,56,23927,12878,12933,9401,39294,20571,10762,7400,,,,,,
06:30.0,00:00.0,100,2,75,34,54,95506,27377,5841,1699,3445,3725,4910,457,,,,,,
06:31.0,00:00.0,100,2,53,38,45,57610,101470,21275,5440,16152,8054,8194,5543,,,,,,
06:32.0,00:00.0,100,2,43,35,39,224138,283146,58919,11064,18831,17494,8397,9773,,,,,,
06:33.0,00:00.0,100,2,40,40,40,24717,18303,21242,3071,13958,15817,14336,5092,,,,,,
06:35.0,00:00.0,100,2,50,53,51,13049,7184,22425,6613,11133,11950,36439,4779,,,,,,
06:35.0,00:00.0,100,2,56,63,59,18606,12375,8640,19218,19821,5063,11651,11014,,,,,,
06:36.0,00:00.0,100,2,66,75,70,313093,27642,54760,28708,40726,16304,14166,5166,,,,,,
06:37.0,00:00.0,100,2,63,70,66,30178,18896,9071,3737,8769,9418,8623,3539,,,,,,
06:38.0,00:00.0,100,2,74,64,69,16079,3376,1321,14098,11783,18339,8356,6466,,,,,,
06:39.0,00:00.0,100,2,75,60,67,155433,27119,5265,7976,2566,6304,2222,448,,,,,,
06:40.0,00:00.0,100,2,66,44,55,789958,192236,16155,24782,8544,12979,14613,1745,,,,,,
06:41.0,00:00.0,100,2,60,48,54,6136,49701,21930,19297,16672,14881,7037,4315,,,,,,
06:42.0,00:00.0,100,2,48,60,54,67153,9524,21087,24500,3279,14096,10604,4672,,,,,,
06:43.0,00:00.0,100,2,64,61,62,26728,7524,6923,7653,4782,20182,15998,4711,,,,,,
06:44.0,00:00.0,100,1,57,70,63,1810150,88656,13715,39386,7049,3886,5894,2441,,,,,,
06:45.0,00:00.0,100,1,47,74,60,2528471,183237,40867,92990,15615,13978,18685,6689,,,,,,
06:46.0,00:00.0,100,1,41,64,52,49548,50607,33008,44244,48010,18830,16459,1931,,,,,,
06:47.0,00:00.0,100,1,27,69,48,609132,13963,20581,6315,8770,8167,7461,4716,,,,,,
06:48.0,00:00.0,100,1,50,69,59,15953,25954,8857,30818,21090,21076,25675,10374,,,,,,
06:49.0,00:00.0,100,1,75,74,74,23322,2834,26664,11455,13049,25816,5617,2249,,,,,,
06:50.0,00:00.0,100,1,74,61,67,218716,54332,5620,7909,9937,8189,1803,2236,,,,,,
06:51.0,00:00.0,100,1,64,48,56,590563,52293,8568,2541,2273,6303,1553,2289,,,,,,
06:53.0,00:00.0,100,1,70,51,60,8166,7597,12318,16562,12626,20467,13678,1848,,,,,,
06:53.0,00:00.0,100,1,56,50,53,630860,48266,42604,14333,12134,13490,6931,15203,,,,,,
06:54.0,00:00.0,100,1,47,44,45,294148,77614,2379,6102,10528,3199,3976,1709,,,,,,
06:55.0,00:00.0,100,2,43,48,45,1025256,277975,52263,41354,26903,26721,16202,11405,,,,,,
06:56.0,00:00.0,100,2,29,40,34,274473,64561,5753,24758,20632,11278,11277,8529,,,,,,
06:57.0,00:00.0,100,2,23,35,29,243444,150621,30000,30409,13632,12866,5615,3040,,,,,,
06:58.0,00:00.0,100,2,27,44,35,49797,139903,40683,9448,17815,11815,3803,6825,,,,,,
06:59.0,00:00.0,100,2,17,41,29,687400,975623,162542,39228,37730,31628,41182,6295,,,,,,
07:00.0,00:00.0,100,2,20,38,29,1565938,335731,68342,33389,38103,60122,26518,4362,,,,,,
07:01.0,00:00.0,100,2,37,27,32,656338,92518,10956,8277,35964,37683,18772,8271,,,,,,
07:02.0,00:00.0,100,2,47,26,36,156037,67691,16806,7420,9888,19867,16937,4157,,,,,,
07:03.0,00:00.0,100,2,69,38,53,24614,8510,2212,14025,4186,9046,15129,6962,,,,,,
07:04.0,00:00.0,100,2,75,44,59,94649,28654,7423,20541,15509,11615,7511,5324,,,,,,
07:05.0,00:00.0,100,2,69,56,62,125548,41583,15190,20410,40600,15512,6416,5100,,,,,,
07:06.0,00:00.0,100,2,67,56,61,6477,39646,12004,7717,14295,11674,3499,2843,,,,,,
07:07.0,00:00.0,100,2,53,63,58,24826,31058,69575,10428,8009,7933,12344,2446,,,,,,
07:08.0,00:00.0,100,2,44,53,48,611160,448535,56747,33095,8901,42782,19810,7564,,,,,,
07:09.0,00:00.0,100,2,34,44,39,1439554,114455,6130,10926,3817,9214,3972,3773,,,,,,
07:10.0,00:00.0,100,2,21,50,35,1287775,529632,176433,92068,46809,47211,17637,7147,,,,,,
07:11.0,00:00.0,100,2,26,38,32,83528,131088,45189,65853,67888,27579,11022,4661,,,,,,
07:12.0,00:00.0,100,2,30,43,36,874034,99868,20707,20157,31093,20141,8683,2849,,,,,,
07:13.0,00:00.0,100,2,30,51,40,263160,390037,56208,110564,55534,36118,58113,11184,,,,,,
07:14.0,00:00.0,100,3,41,51,46,705599,502582,90895,365286,130756,177921,103566,37419,,,,,,
07:15.0,00:00.0,100,3,38,50,44,864096,12484,2995,3440,1842,1472,1539,1149,,,,,,
07:16.0,00:00.0,100,4,37,57,47,706688,176659,109619,75044,69836,44730,15008,7742,,,,,,
07:17.0,00:00.0,100,4,34,63,48,1292913,236423,183816,54243,87868,24435,10392,9797,,,,,,
07:18.0,00:00.0,100,2,29,57,43,1893533,522488,103222,113119,149505,73749,32397,8784,,,,,,
07:19.0,00:00.0,100,2,29,53,41,620954,97132,7630,21723,32513,10090,5148,1794,,,,,,
07:20.0,00:00.0,100,1,26,43,34,72746,24422,3045,2766,4148,2536,533,370,,,,,,
07:21.0,00:00.0,100,2,34,38,36,1247008,197937,81749,31929,19948,29864,9770,8869,,,,,,
07:22.0,00:00.0,100,2,26,37,31,745133,148880,14189,29653,15944,9846,7401,2555,,,,,,
07:23.0,00:00.0,100,1,30,38,34,715192,212079,44920,32165,34686,32741,10954,2452,,,,,,
07:24.0,00:00.0,100,1,40,43,41,1190648,155501,20619,42813,34644,37180,28703,6879,,,,,,
07:25.0,00:00.0,100,1,40,41,40,841882,194798,51288,39694,36996,23569,9857,3327,,,,,,
07:26.0,00:00.0,100,2,44,50,47,426058,142330,122308,59189,92897,31704,24843,12600,,,,,,
07:27.0,00:00.0,100,2,44,53,48,87362,133867,14078,55560,15990,23901,13419,4778,,,,,,
07:28.0,00:00.0,100,2,30,53,41,497640,129783,37920,3945,25458,7962,4635,2199,,,,,,
07:29.0,00:00.0,100,2,40,53,46,545029,21183,9890,1667,2516,6089,1620,2003,,,,,,
07:30.0,00:00.0,100,2,37,47,42,112798,102431,21390,25111,36503,11565,18160,2158,,,,,,
07:31.0,00:00.0,100,2,21,43,32,741741,257707,61100,28030,26029,8773,10802,4419,,,,,,
07:32.0,00:00.0,100,2,29,35,32,870026,42444,2379,2667,1797,5478,1908,917,,,,,,
07:33.0,00:00.0,100,2,29,43,36,34179,22388,29089,10719,8112,11870,9372,6236,,,,,,
07:34.0,00:00.0,100,2,27,43,35,48082,124421,39993,10148,37826,10476,9125,4885,,,,,,
07:35.0,00:00.0,100,2,43,54,48,107026,35976,94388,10177,22896,15850,3582,2310,,,,,,
07:36.0,00:00.0,100,2,43,67,55,263222,94962,6917,54481,20012,16950,7645,3212,,,,,,
07:37.0,00:00.0,100,2,44,60,52,468236,43694,4981,21705,12038,14445,9091,4441,,,,,,
07:38.0,00:00.0,100,2,43,67,55,86934,21777,12966,8164,5624,2154,1930,2103,,,,,,
07:39.0,00:00.0,100,2,57,50,53,13591,64337,12714,10019,27591,44859,7578,7360,,,,,,
07:40.0,00:00.0,100,2,78,44,61,11835,7262,1490,7311,14958,14936,8070,2615,,,,,,
07:41.0,00:00.0,100,2,61,50,55,115977,44320,22938,8347,4769,2980,1664,1946,,,,,,
07:42.0,00:00.0,100,2,80,47,63,32866,22749,22402,8578,18619,18843,7186,4907,,,,,,
07:43.0,00:00.0,100,2,75,53,64,27736,49121,7982,19852,13735,22787,4665,2988,,,,,,
07:44.0,00:00.0,100,2,61,54,57,992004,44834,15737,12237,30022,18033,9723,3085,,,,,,
07:45.0,00:00.0,100,2,75,50,62,216667,41109,14630,12812,16047,9264,9158,2757,,,,,,
07:46.0,00:00.0,100,2,70,48,59,10573,16798,11836,2479,7232,7524,2433,2366,,,,,,
07:47.0,00:00.0,100,2,66,50,58,112633,85412,23894,17291,10503,22750,9019,4448,,,,,,
07:48.0,00:00.0,100,2,54,54,54,791352,100187,8268,78202,20941,14359,17478,9847,,,,,,
07:49.0,00:00.0,100,2,66,54,60,382319,18572,8359,33027,67894,25438,25200,17874,,,,,,
07:50.0,00:00.0,100,2,61,54,57,97032,20088,4341,9511,8843,4883,3070,535,,,,,,
07:51.0,00:00.0,100,2,53,61,57,85816,55927,52769,12020,17026,10328,12648,4356,,,,,,
07:52.0,00:00.0,100,2,53,53,53,391471,78385,14388,10201,27334,7809,7777,6850,,,,,,
07:53.0,00:00.0,100,2,63,47,55,16395,13350,11834,2366,22278,31445,9891,3458,,,,,,
07:54.0,00:00.0,100,2,64,47,55,46536,36788,485,18907,9122,10256,6305,3367,,,,,,
07:55.0,00:00.0,100,2,67,35,51,320302,72254,4587,16015,15942,12078,11084,8836,,,,,,
07:56.0,00:00.0,100,2,78,40,59,9021,18738,6639,7182,8752,7234,2534,4110,,,,,,
07:57.0,00:00.0,100,2,66,50,58,2422,14235,10112,14032,7628,15127,7540,4494,,,,,,
07:58.0,00:00.0,100,2,74,50,62,14099,11092,10181,3498,14541,9017,15725,3078,,,,,,
07:59.0,00:00.0,100,2,67,64,65,117942,13683,14683,9257,2959,3182,6065,515,,,,,,
08:00.0,00:00.0,100,2,63,70,66,14940,23784,33166,15625,20330,9993,3276,1474,,,,,,
08:01.0,00:00.0,100,2,53,75,64,2871,20782,18185,9306,8456,6490,5818,3664,,,,,,
08:02.0,00:00.0,100,2,51,67,59,13787,33002,1069,9954,5483,12885,4651,2441,,,,,,
08:03.0,00:00.0,100,2,64,66,65,5179,19333,12670,24414,11083,15595,7393,3276,,,,,,
08:04.0,00:00.0,100,2,63,53,58,23860,46999,4087,8280,7786,7274,12805,4913,,,,,,
08:05.0,00:00.0,100,1,63,44,53,991972,139241,31684,40952,59233,26233,14035,5332,,,,,,
08:06.0,00:00.0,100,2,51,66,58,750914,5195,20202,15015,5836,3821,1550,756,,,,,,
08:07.0,00:00.0,100,2,38,44,41,1881269,333600,16687,12953,48080,27438,9821,2264,,,,,,
08:08.0,00:00.0,100,2,24,53,38,234131,89654,17309,32889,10925,4194,1663,372,,,,,,
08:09.0,00:00.0,100,2,16,57,36,236030,67009,31768,10690,9618,5973,3984,1673,,,,,,
08:10.0,00:00.0,100,2,1,37,19,2103244,876308,179850,32337,28046,13205,5392,2358,,,,,,
08:11.0,00:00.0,100,2,4,54,29,1029668,214621,107651,102810,43451,48862,47507,10810,,,,,,
08:12.0,00:00.0,100,2,16,57,36,2520029,256790,214392,61015,80628,52247,13879,7674,,,,,,
08:13.0,00:00.0,100,2,26,56,41,1760713,63403,16250,18842,27970,13437,2587,4515,,,,,,
08:14.0,00:00.0,100,2,54,60,57,520790,6836,1891,2064,4517,2726,1299,217,,,,,,
08:15.0,00:00.0,100,2,50,51,50,137870,33762,4661,7080,9057,2924,1001,367,,,,,,
08:16.0,00:00.0,100,2,53,44,48,1283013,141158,43506,24017,28892,27981,7567,3011,,,,,,
08:17.0,00:00.0,100,2,54,44,49,66748,10462,4579,2462,2685,3261,1691,418,,,,,,
08:18.0,00:00.0,100,2,53,51,52,155924,41571,25065,32408,27356,19051,15000,2546,,,,,,
08:19.0,00:00.0,100,2,57,50,53,673765,72763,12223,4758,4267,8884,5387,812,,,,,,
08:20.0,00:00.0,100,2,60,51,55,134080,15566,1265,9907,6934,4720,2211,1049,,,,,,
08:21.0,00:00.0,100,2,61,56,58,47780,27781,22452,18262,8035,14281,6213,4717,,,,,,
08:22.0,00:00.0,100,2,63,56,59,79801,12028,3517,12849,4834,6805,4093,2411,,,,,,
08:23.0,00:00.0,100,2,61,66,63,524410,99771,37850,43393,17408,15804,9675,2907,,,,,,
08:24.0,00:00.0,100,2,60,69,64,64985,32418,16431,16837,16149,10898,8414,1968,,,,,,
08:25.0,00:00.0,100,2,61,61,61,351755,41192,17143,6854,27938,14920,5863,3449,,,,,,
08:26.0,00:00.0,100,2,61,57,59,278046,27268,27512,3737,18807,15499,4724,5009,,,,,,
08:27.0,00:00.0,100,2,61,54,57,290404,109490,13544,38793,19499,12594,3766,4899,,,,,,
08:28.0,00:00.0,100,1,54,54,54,1704319,90845,50571,36039,29049,12991,3456,1426,,,,,,
08:29.0,00:00.0,100,1,41,48,44,41852,14286,91,2170,1118,837,602,742,,,,,,
08:30.0,00:00.0,100,1,24,35,29,540485,675058,46004,38349,25635,32221,3711,1526,,,,,,
08:31.0,00:00.0,100,1,24,29,26,206879,248061,34813,26817,45165,25261,18816,10512,,,,,,
08:32.0,00:00.0,100,2,24,29,26,615022,29020,15228,11105,4976,3767,1927,1061,,,,,,
08:33.0,00:00.0,100,2,23,29,26,403036,133335,10715,9710,10144,6156,4352,2233,,,,,,
08:34.0,00:00.0,100,1,26,44,35,747457,252478,141730,76510,53031,34881,12040,8348,,,,,,
08:35.0,00:00.0,100,1,40,43,41,239627,39807,1962,10859,16653,15771,7338,2344,,,,,,
08:36.0,00:00.0,100,1,40,48,44,630374,20607,28298,28642,21375,5694,7924,3355,,,,,,
08:37.0,00:00.0,100,1,47,57,52,1224699,177410,19871,50287,21004,22007,7620,5953,,,,,,
08:38.0,00:00.0,100,1,43,56,49,147676,29342,9864,10715,2907,2786,3505,524,,,,,,
08:39.0,00:00.0,100,1,30,66,48,286993,77914,30064,27269,16348,12950,21906,10183,,,,,,
08:40.0,00:00.0,100,2,26,51,38,1823787,383440,71604,33283,35207,19300,7318,3800,,,,,,
08:41.0,00:00.0,100,2,30,48,39,999647,115666,15761,16374,13910,22382,10978,8367,,,,,,
08:42.0,00:00.0,100,2,41,43,42,213228,73849,17168,26050,16987,20154,4027,2026,,,,,,
08:43.0,00:00.0,100,2,40,38,39,862809,227899,67833,26002,52107,25981,18146,8117,,,,,,
08:44.0,00:00.0,100,2,51,34,42,1458679,96665,4498,14968,43096,17448,6238,1552,,,,,,
08:45.0,00:00.0,100,2,48,35,41,1219068,253511,58566,13511,31313,27731,13369,4063,,,,,,
08:46.0,00:00.0,100,2,54,34,44,211990,242800,224911,468462,1283494,313342,34125,23318,,,,,,
08:47.0,00:00.0,87,2,54,34,44,372293,9596,5370,4016,2078,2973,695,456,,,,,,
08:48.0,00:00.0,100,3,53,35,44,211343,20218,4473,3030,521,1872,1162,727,,,,,,
08:49.0,00:00.0,100,3,51,41,46,777369,69384,13261,14173,18960,10429,3323,1025,,,,,,
08:50.0,00:00.0,100,2,44,38,41,1880581,1800305,249049,50766,104136,98909,41552,7291,,,,,,
08:51.0,00:00.0,100,2,30,44,37,1680296,48398,51140,11198,24282,7683,4556,4011,,,,,,
08:52.0,00:00.0,100,2,40,41,40,2352041,1294224,113811,255042,355376,250796,39008,26820,,,,,,
08:53.0,00:00.0,100,2,47,48,47,1144335,12891,8175,15607,11747,9041,2940,1165,,,,,,
08:54.0,00:00.0,100,2,54,51,52,1178133,320194,61798,30065,49447,47922,14826,23556,,,,,,
08:55.0,00:00.0,100,2,67,44,55,255774,68261,21926,36020,59208,42769,16614,7381,,,,,,
08:56.0,00:00.0,100,2,69,51,60,80978,35708,17370,15062,26090,14174,3624,3741,,,,,,
08:57.0,00:00.0,100,2,67,57,62,82329,13413,63555,15336,29313,17169,10015,1614,,,,,,
08:58.0,00:00.0,100,2,63,53,58,413080,213560,12529,29166,54011,18876,11984,4701,,,,,,
08:59.0,00:00.0,100,2,54,48,51,442411,59265,2543,12066,9575,11108,19952,7198,,,,,,
09:00.0,00:00.0,100,2,54,44,49,104268,52973,7689,15686,12932,14518,4386,3134,,,,,,
09:01.0,00:00.0,100,2,50,44,47,72394,31260,25439,29287,8380,8682,8468,3970,,,,,,
09:02.0,00:00.0,100,2,60,54,57,32901,27025,10082,11834,7391,10774,9227,4537,,,,,,
09:03.0,00:00.0,100,2,60,61,60,24576,34297,13935,8115,10726,7632,8695,2711,,,,,,
09:04.0,00:00.0,100,2,61,63,62,190329,17774,5259,9127,17667,7883,3869,4960,,,,,,
09:05.0,00:00.0,100,2,66,48,57,33416,30399,7611,3490,8532,6717,5424,1793,,,,,,
09:06.0,00:00.0,100,2,56,51,53,237594,97218,75992,16116,19227,13761,13327,885,,,,,,
09:07.0,00:00.0,100,2,50,38,44,266032,360725,18935,20491,55558,25519,19222,17369,,,,,,
09:08.0,00:00.0,100,2,43,41,42,37377,52376,21524,16473,14097,13235,8940,3577,,,,,,
09:09.0,00:00.0,100,2,51,41,46,40562,40150,14809,4018,16922,23422,8289,4862,,,,,,
09:10.0,00:00.0,100,2,51,41,46,337684,69354,34323,46204,48447,11920,12394,5383,,,,,,
09:11.0,00:00.0,100,2,66,50,58,29718,44895,14607,5418,10884,21210,5171,2386,,,,,,
09:12.0,00:00.0,100,2,69,56,62,9921,13026,10153,20390,6868,8769,4379,2583,,,,,,
09:13.0,00:00.0,100,2,56,51,53,661965,127127,10876,9248,20484,12360,6030,4847,,,,,,
09:14.0,00:00.0,100,2,54,48,51,2157432,208387,16498,111965,46129,21572,22927,3060,,,,,,
09:15.0,00:00.0,100,2,47,51,49,538664,111968,45958,5212,5194,17692,3410,734,,,,,,
09:16.0,00:00.0,100,2,44,34,39,214696,52325,4916,7201,23553,10824,2318,2102,,,,,,
09:17.0,00:00.0,100,2,48,41,44,327250,46759,16202,6091,8009,10395,5659,2712,,,,,,
09:18.0,00:00.0,100,2,51,41,46,721419,274264,87600,47548,32630,36209,23250,3955,,,,,,
09:19.0,00:00.0,100,1,56,38,47,823774,87966,7760,35746,36485,30459,7715,5337,,,,,,
09:20.0,00:00.0,100,2,54,51,52,1225072,138784,75924,48545,37615,33034,19468,3157,,,,,,
09:21.0,00:00.0,100,2,53,60,56,706410,57690,38298,30041,9109,18168,3601,4158,,,,,,
09:22.0,00:00.0,100,2,61,51,56,1244820,896765,110862,92449,118822,231152,46726,27873,,,,,,
09:23.0,00:00.0,100,2,56,57,56,1103066,42470,21387,13462,12071,8230,5818,1761,,,,,,
09:24.0,00:00.0,100,2,50,48,49,235301,83803,6677,10239,5015,5880,4269,1619,,,,,,
09:25.0,00:00.0,100,2,41,48,44,826794,49867,55019,14610,17448,7061,6520,5387,,,,,,
09:26.0,00:00.0,100,2,41,57,49,701879,88343,43122,27888,17693,29512,5323,2684,,,,,,
09:27.0,00:00.0,100,2,38,61,49,303232,92063,29689,66713,10387,15546,10328,1788,,,,,,
09:28.0,00:00.0,100,2,41,60,50,294471,182816,29088,14325,47856,15527,5655,5007,,,,,,
09:29.0,00:00.0,100,2,43,60,51,1093326,94085,88655,11254,12320,14964,4435,2006,,,,,,
09:30.0,00:00.0,100,2,43,57,50,46128,35047,1840,23033,8616,11873,4978,3069,,,,,,
09:31.0,00:00.0,100,2,35,50,42,88697,202387,25622,47734,35173,8863,3625,2619,,,,,,
09:32.0,00:00.0,100,2,35,51,43,169277,164359,22437,17931,23780,14468,4692,2243,,,,,,
09:33.0,00:00.0,100,2,34,34,34,99114,88457,11109,777,5081,7571,9190,3217,,,,,,
09:34.0,00:00.0,100,2,44,27,35,62862,10908,1950,5403,4417,11399,6599,1733,,,,,,
09:35.0,00:00.0,100,2,51,27,39,400243,293378,45105,60005,39541,29668,9209,4571,,,,,,
09:36.0,00:00.0,100,2,63,35,49,29761,33000,12765,10000,9640,14957,13181,4675,,,,,,
09:37.0,00:00.0,100,2,70,43,56,778171,183617,8992,77774,54580,47347,7260,2891,,,,,,
09:38.0,00:00.0,100,3,67,48,57,695014,36847,31946,26232,43735,41985,6216,1757,,,,,,
09:39.0,00:00.0,100,1,75,56,65,770794,131546,152978,35849,82944,49446,28726,43737,,,,,,
09:40.0,00:00.0,100,2,78,61,69,383629,14246,15449,11300,9609,15558,3571,1992,,,,,,
09:41.0,00:00.0,100,2,69,57,63,1114419,208641,31871,28223,39089,18277,5099,2887,,,,,,
09:42.0,00:00.0,100,2,54,51,52,2400972,108059,18835,16742,29994,13099,6702,4154,,,,,,
09:43.0,00:00.0,100,2,44,47,45,64507,53754,14890,15444,19689,4751,3972,2097,,,,,,
09:44.0,00:00.0,100,2,35,35,35,293919,232912,34279,20253,7643,36274,31702,3706,,,,,,
09:45.0,00:00.0,100,2,35,38,36,642175,485277,90618,62282,56909,39278,6611,2978,,,,,,
09:46.0,00:00.0,100,2,34,51,42,189576,23999,14660,29189,11232,4837,3959,1267,,,,,,
09:47.0,00:00.0,100,2,51,51,51,20471,19785,6648,11570,6918,18542,10072,3921,,,,,,
09:48.0,00:00.0,100,2,51,57,54,125383,78186,30696,11042,19125,13109,7802,3296,,,,,,
09:49.0,00:00.0,100,2,61,67,64,859970,28459,36748,16637,12893,18070,7392,3862,,,,,,
09:50.0,00:00.0,100,2,64,60,62,18881,44935,7965,23395,25679,7099,15537,4259,,,,,,
09:51.0,00:00.0,100,2,54,67,60,79395,19908,22134,12885,10137,8572,9264,2403,,,,,,
09:52.0,00:00.0,100,2,61,67,64,286234,13949,8425,1504,7292,5252,1011,397,,,,,,
09:53.0,00:00.0,100,2,60,67,63,6369,13052,11008,14689,6554,7791,5949,1431,,,,,,
09:54.0,00:00.0,100,2,70,69,69,16509,16211,9128,22668,29768,14207,6127,1441,,,,,,
09:55.0,00:00.0,100,2,61,60,60,447062,105601,10850,22281,7628,7994,7100,3280,,,,,,
09:56.0,00:00.0,100,2,57,54,55,275729,99418,3339,25716,12740,16405,6168,2664,,,,,,
09:57.0,00:00.0,100,2,60,54,57,240142,27123,49025,13043,16914,24100,10461,5408,,,,,,
09:58.0,00:00.0,100,2,51,61,56,108644,9686,10120,5559,2555,2880,2604,1245,,,,,,
09:59.0,00:00.0,100,2,63,67,65,26411,31103,23216,10961,9052,15208,7469,3722,,,,,,
10:00.0,00:00.0,100,2,66,75,70,690672,56070,11711,28893,9905,15729,2690,3807,,,,,,
10:01.0,00:00.0,100,2,56,64,60,164727,68816,9948,20583,13974,10092,12161,1573,,,,,,
10:02.0,00:00.0,100,2,48,54,51,202120,103702,22956,26881,21645,6219,7261,2041,,,,,,
10:03.0,00:00.0,100,2,30,50,40,240054,104238,42818,6440,7846,5424,1374,2198,,,,,,
10:04.0,00:00.0,100,2,34,51,42,4443,16664,11219,12399,7358,9075,6449,2919,,,,,,
10:05.0,00:00.0,100,2,44,51,47,24609,25810,15462,5703,20973,17758,6377,2315,,,,,,
10:06.0,00:00.0,100,2,57,50,53,26741,49438,11606,11768,12895,12391,8406,2816,,,,,,
10:07.0,00:00.0,100,2,64,54,59,92565,68899,42023,31988,28336,9369,6545,2479,,,,,,
10:08.0,00:00.0,100,2,66,56,61,58971,5239,10072,7552,9423,7071,3739,880,,,,,,
10:09.0,00:00.0,100,2,60,61,60,817065,95879,47088,25473,10972,29911,12334,4471,,,,,,
10:10.0,00:00.0,100,2,61,66,63,145223,33654,9039,28666,14403,14168,12486,2585,,,,,,
10:11.0,00:00.0,100,2,57,56,56,570107,417564,24844,85605,17969,29570,8997,2983,,,,,,
10:12.0,00:00.0,100,1,41,43,42,143876,22620,3048,1960,1594,1224,589,316,,,,,,
10:13.0,00:00.0,100,2,35,34,34,701534,32955,3865,2469,1449,3073,1967,1695,,,,,,
10:14.0,00:00.0,100,2,27,30,28,110931,77385,21967,38322,21916,12906,11675,10957,,,,,,
10:15.0,00:00.0,100,3,40,35,37,923112,108201,9556,37640,16066,34372,9105,2743,,,,,,
10:16.0,00:00.0,100,2,40,44,42,565654,159865,27479,87493,38557,12586,5522,4221,,,,,,
10:17.0,00:00.0,100,2,35,48,41,747639,41416,2892,6407,4608,2249,1364,1039,,,,,,
10:18.0,00:00.0,100,2,29,47,38,1305726,117948,30244,33467,6727,10126,14158,7496,,,,,,
10:19.0,00:00.0,100,2,16,41,28,1045504,498662,66848,40152,15946,27184,2312,2012,,,,,,
10:20.0,00:00.0,100,2,27,43,35,697099,25009,6314,39669,28418,11737,7097,2809,,,,,,
10:21.0,00:00.0,100,2,34,38,36,996289,195053,15099,12086,15963,18461,4566,5123,,,,,,
10:22.0,00:00.0,100,2,43,41,42,72147,126180,95652,21433,14367,35770,9137,3572,,,,,,
10:23.0,00:00.0,100,2,53,37,45,975574,128677,3973,12914,30913,20626,8056,7812,,,,,,
10:24.0,00:00.0,100,2,53,30,41,311250,16437,8025,5479,9675,5074,1683,1019,,,,,,
10:25.0,00:00.0,100,2,63,41,52,812720,310316,68630,143561,107259,146363,26217,4285,,,,,,
10:26.0,00:00.0,100,2,51,29,40,519917,757355,58183,85130,34515,29530,16976,3402,,,,,,
10:27.0,00:00.0,100,2,47,43,45,612630,39757,12214,14574,14297,6905,3689,1041,,,,,,
10:28.0,00:00.0,100,2,47,47,47,772086,28195,21609,9401,12189,8888,3913,948,,,,,,
10:29.0,00:00.0,100,1,24,41,32,582385,133875,13789,17555,11956,4143,2327,618,,,,,,
10:30.0,00:00.0,100,1,30,53,41,1230134,59268,25001,27590,18315,7804,4464,2335,,,,,,
10:31.0,00:00.0,100,2,34,44,39,401503,123170,18899,9911,18884,17356,4967,1292,,,,,,
10:32.0,00:00.0,100,2,20,41,30,637592,78364,16725,21624,11690,3747,1898,1560,,,,,,
10:33.0,00:00.0,100,2,30,50,40,1109723,101488,41265,46799,21463,17925,8462,9489,,,,,,
10:34.0,00:00.0,100,2,27,41,34,591117,60876,10521,5606,9120,3770,2664,1281,,,,,,
10:35.0,00:00.0,100,2,27,48,37,80411,23193,11203,3733,3380,4705,1797,1023,,,,,,
10:36.0,00:00.0,100,2,43,43,43,163796,153470,14294,29627,25896,32324,6931,3086,,,,,,
10:37.0,00:00.0,100,2,47,43,45,594752,81328,45815,40544,19665,26015,7400,2038,,,,,,
10:38.0,00:00.0,100,2,60,50,55,596799,115381,1342,70917,22606,32933,6577,4613,,,,,,
10:39.0,00:00.0,100,2,56,35,45,614424,139728,10070,6102,17608,13638,15508,698,,,,,,
10:40.0,00:00.0,100,2,56,37,46,1148318,81488,19739,13904,44258,20860,7823,3231,,,,,,
10:41.0,00:00.0,100,2,44,23,33,582615,225559,22583,11357,5001,9977,5769,954,,,,,,
10:42.0,00:00.0,100,2,51,24,37,137185,27665,29615,5228,17996,28982,1298,892,,,,,,
10:43.0,00:00.0,74,2,51,24,37,1413757,517032,57858,177821,125293,134948,42074,6536,,,,,,
10:44.0,00:00.0,74,2,51,24,37,724619,428435,95714,37488,35186,40166,7891,3746,,,,,,
10:45.0,00:00.0,74,2,51,24,37,433564,25119,11550,14513,14352,2400,1211,488,,,,,,
