'Time','VidTime','Signal Level','Blink','Attention','Meditation','Zone','Delta','Theta','Low Alpha','High Alpha','Low Beta','High Beta','Low Gamma','Mid Gamma',,,,,
30:19.0,00:00.0,100,2,26,61,43,42705,20649,37951,46320,35988,10078,3785,4889,,18398.74667,13262.71238,8081.942857,3965.335238
30:20.0,00:00.0,100,2,1,51,26,1300447,913315,112945,29621,22299,23092,27191,16110,,,,,
30:21.0,00:00.0,100,2,1,61,31,284943,77584,104796,6758,3729,4170,3002,2244,,,,,
30:22.0,00:00.0,100,2,1,84,42,2760734,330867,369746,211661,43245,62010,42200,19210,,,,,
30:23.0,00:00.0,100,2,4,75,39,1204076,36718,7050,15797,4022,8039,7134,5696,,,,,
30:24.0,00:00.0,100,2,8,93,50,175209,12212,10459,1132,1482,762,1231,728,,,,,
30:25.0,00:00.0,100,2,16,80,48,212004,60429,16989,9852,4899,4952,4251,4071,,,,,
30:26.0,00:00.0,100,2,14,75,44,120293,74118,11065,69208,12224,11157,6491,1800,,,,,
30:27.0,00:00.0,100,2,1,50,25,160585,404833,12146,8649,9234,11545,27611,6217,,,,,
30:28.0,00:00.0,100,2,10,35,22,556539,94471,14159,9500,16504,9878,2435,1831,,,,,
30:29.0,00:00.0,100,2,10,27,18,179574,84099,3357,14704,1496,6074,4681,2671,,,,,
30:30.0,00:00.0,100,2,14,26,20,139158,44774,13738,36970,8116,10854,3627,2209,,,,,
30:31.0,00:00.0,100,2,30,50,40,11563,61939,6123,29357,4236,18737,6722,3189,,,,,
30:32.0,00:00.0,100,2,30,47,38,21092,48178,4606,6680,14412,4768,5352,1900,,,,,
30:33.0,00:00.0,100,2,37,64,50,14829,27069,9373,59634,38178,8402,5153,3718,,,,,
30:34.0,00:00.0,100,2,30,44,37,550794,29627,3284,1255,1654,2244,900,2083,,,,,
30:35.0,00:00.0,100,2,20,47,33,377292,169582,95960,26415,65475,17639,26247,2248,,,,,
30:36.0,00:00.0,100,2,8,44,26,1700404,554655,44339,43769,24051,12689,28418,4603,,,,,
30:37.0,00:00.0,100,2,10,44,27,28920,18045,27173,5230,7472,6313,8620,8228,,,,,
30:38.0,00:00.0,100,2,20,64,42,62902,26784,28785,10347,14558,11733,13693,3151,,,,,
30:39.0,00:00.0,100,2,16,69,42,1184754,295343,206876,70214,62166,26772,14207,3952,,,,,
30:40.0,00:00.0,100,2,26,70,48,285836,191865,31115,3894,12993,13917,16326,3467,,,,,
30:41.0,00:00.0,100,2,34,69,51,94403,43487,63551,3461,17149,26224,18784,5395,,,,,
30:42.0,00:00.0,100,2,11,61,36,1405127,283904,67700,41467,13665,5778,3528,2012,,,,,
30:43.0,00:00.0,100,2,23,50,36,347355,147051,27214,22902,29448,31089,5889,3541,,,,,
30:44.0,00:00.0,100,2,21,53,37,284159,76473,2654,19040,12417,5000,1789,1368,,,,,
30:45.0,00:00.0,100,2,3,38,20,1755850,418714,50351,51653,16159,17032,6864,1067,,,,,
30:46.0,00:00.0,100,2,7,38,22,1584082,59311,9486,13304,7318,1883,768,358,,,,,
30:47.0,00:00.0,100,2,1,37,19,1940949,201495,18159,32528,20131,7817,2904,527,,,,,
30:48.0,00:00.0,100,1,1,38,19,486062,13719,3294,2848,3356,1759,627,300,,,,,
30:49.0,00:00.0,100,1,7,48,27,136078,43421,34798,7842,21848,8539,5023,1669,,,,,
30:50.0,00:00.0,100,1,13,60,36,563617,53058,4433,57265,10363,5758,4730,2016,,,,,
30:51.0,00:00.0,100,2,26,66,46,570025,32220,11232,6680,2911,6646,6609,1955,,,,,
30:52.0,00:00.0,100,2,30,66,48,16927,84388,8020,22900,7338,17186,6758,5727,,,,,
30:53.0,00:00.0,100,2,35,70,52,792643,24008,19583,10984,5261,8653,10168,5589,,,,,
30:54.0,00:00.0,100,2,35,53,44,1272825,411235,67663,20887,41371,24737,14595,4427,,,,,
30:55.0,00:00.0,100,2,35,53,44,1113677,12047,6740,2310,6724,2724,1697,1535,,,,,
30:56.0,00:00.0,100,2,24,74,49,228996,71550,127533,34045,4610,11727,15362,7963,,,,,
30:57.0,00:00.0,100,2,24,61,42,356835,79348,7748,18158,4111,15283,15525,5632,,,,,
30:58.0,00:00.0,100,2,34,64,49,337809,82604,13284,11966,6148,15227,12189,2633,,,,,
30:59.0,00:00.0,100,2,29,54,41,108364,226986,24247,22138,13835,24153,3148,2973,,,,,
31:00.0,00:00.0,100,2,43,40,41,10251,34437,1235,25049,8568,14019,9689,3320,,,,,
31:01.0,00:00.0,100,2,35,56,45,43110,31931,22824,37376,11380,5773,9879,2055,,,,,
31:02.0,00:00.0,100,1,27,53,40,413665,227622,25604,23643,39611,15919,9118,2039,,,,,
31:03.0,00:00.0,100,1,30,63,46,46592,43776,14238,10150,3934,9129,10050,2191,,,,,
31:04.0,00:00.0,100,1,23,69,46,114929,74793,52727,27862,9703,14968,6036,3158,,,,,
31:05.0,00:00.0,100,2,16,50,33,851190,462228,52548,54297,44630,15214,4646,4382,,,,,
31:06.0,00:00.0,100,2,14,57,35,661380,168711,67951,8780,19998,12383,6185,1327,,,,,
31:07.0,00:00.0,100,2,11,63,37,1311294,64343,22583,39194,23502,11373,13862,8211,,,,,
31:08.0,00:00.0,100,2,10,47,28,425064,296569,38923,19432,26489,25924,5944,7433,,,,,
31:09.0,00:00.0,100,2,23,67,45,567479,38884,68837,61875,22695,21001,7590,3754,,,,,
31:10.0,00:00.0,100,2,29,66,47,157743,134244,37378,17558,13248,16456,5164,2272,,,,,
31:11.0,00:00.0,100,2,40,63,51,5131,10702,9848,12956,30024,10206,8493,1016,,,,,
31:12.0,00:00.0,100,2,40,67,53,1072550,137652,20192,22386,12444,13676,14350,7262,,,,,
31:13.0,00:00.0,100,2,40,54,47,115911,31608,10205,13420,11409,7111,9795,2374,,,,,
31:14.0,00:00.0,100,2,34,41,37,657231,263393,16010,12965,12348,14088,3748,4343,,,,,
31:15.0,00:00.0,100,2,21,35,28,314751,135692,22989,20479,21704,12548,7591,2729,,,,,
31:16.0,00:00.0,100,2,27,38,32,679039,62796,20191,10253,15864,14715,8438,11550,,,,,
31:17.0,00:00.0,100,2,37,40,38,19645,14260,7336,21720,31336,11521,6679,2231,,,,,
31:18.0,00:00.0,100,2,38,74,56,45560,21479,86772,21771,17313,8162,4774,964,,,,,
31:19.0,00:00.0,100,2,38,87,62,23553,20923,1507,27543,6708,3987,5236,1930,,,,,
31:20.0,00:00.0,100,2,38,96,67,83191,16831,17119,10654,8519,6169,5451,2039,,,,,
31:21.0,00:00.0,100,2,35,97,66,8313,13205,1336,13592,7132,5519,5168,2176,,,,,
31:22.0,00:00.0,100,2,38,97,67,10428,5790,41265,19076,11062,7000,4647,2300,,,,,
31:23.0,00:00.0,100,2,43,93,68,28459,31252,24009,8002,5634,9191,7303,5131,,,,,
31:24.0,00:00.0,100,2,38,84,61,9663,54306,13213,16591,11231,7812,5428,2164,,,,,
31:25.0,00:00.0,100,2,27,87,57,701951,268978,110742,111686,16076,27860,26811,9239,,,,,
31:26.0,00:00.0,100,2,35,66,50,67855,29570,15293,11640,28649,11814,9047,7201,,,,,
31:27.0,00:00.0,100,2,30,70,50,123503,48038,11452,75409,6496,12448,2654,3423,,,,,
31:28.0,00:00.0,100,2,26,67,46,123438,75093,7122,19685,8028,5649,10074,3627,,,,,
31:29.0,00:00.0,100,2,41,64,52,13859,19256,10231,13968,10252,12841,10078,2729,,,,,
31:30.0,00:00.0,100,2,30,56,43,562649,169231,8151,24084,6139,14785,5365,3589,,,,,
31:31.0,00:00.0,100,2,40,53,46,8762,20848,7788,24758,8408,12363,4787,5337,,,,,
31:32.0,00:00.0,100,2,47,50,48,102201,17436,2640,3203,3806,2508,2002,591,,,,,
31:33.0,00:00.0,100,2,41,48,44,79613,7515,5112,876,2708,2343,1603,366,,,,,
31:34.0,00:00.0,100,2,47,63,55,209016,58828,42476,17404,15812,13214,4503,2565,,,,,
31:35.0,00:00.0,100,2,41,66,53,94397,32943,53352,42493,41231,17889,11385,7742,,,,,
31:36.0,00:00.0,100,2,34,74,54,656305,19145,3902,7814,2894,1171,2660,717,,,,,
31:37.0,00:00.0,100,1,21,69,45,970705,113316,20574,28328,5525,7111,4108,3260,,,,,
31:38.0,00:00.0,100,1,4,50,27,1096341,271109,19369,7600,3003,6534,7306,2997,,,,,
31:39.0,00:00.0,100,1,1,37,19,741609,358359,94257,23279,49272,38990,27923,8124,,,,,
31:40.0,00:00.0,100,1,7,29,18,857793,131597,44580,3228,10909,12500,5027,3730,,,,,
31:41.0,00:00.0,100,1,1,24,12,1070612,216060,10277,37395,5576,5854,4611,4519,,,,,
31:42.0,00:00.0,100,1,10,30,20,2324560,453854,25959,78465,46187,37550,16125,11256,,,,,
31:43.0,00:00.0,100,1,1,40,20,827975,78954,41154,16268,12084,4535,5444,2437,,,,,
31:44.0,00:00.0,100,1,1,35,18,226865,105783,11629,16567,31281,9180,6271,8365,,,,,
31:45.0,00:00.0,100,1,4,34,19,369869,443834,61419,27799,9982,17646,28377,5229,,,,,
31:46.0,00:00.0,100,1,7,54,30,246657,36554,61869,24913,15872,11205,11324,3156,,,,,
31:47.0,00:00.0,100,1,23,44,33,1725496,53422,4292,18324,14813,14804,17496,5758,,,,,
31:48.0,00:00.0,100,1,23,50,36,67698,63878,8860,13126,6684,5648,8979,1929,,,,,
31:49.0,00:00.0,100,1,34,60,47,116541,117248,22570,43742,14903,16437,8997,4143,,,,,
31:50.0,00:00.0,100,2,47,38,42,2007724,370444,92331,11086,61478,159933,44706,12173,,,,,
31:51.0,00:00.0,100,2,30,29,29,150862,49307,4244,2426,1763,1886,815,1331,,,,,
31:52.0,00:00.0,100,2,27,35,31,139878,117501,43133,20302,25156,8736,5924,3504,,,,,
31:53.0,00:00.0,100,2,26,51,38,122821,52999,98383,78577,9843,18754,10594,2674,,,,,
31:54.0,00:00.0,100,2,8,63,35,708882,129420,70340,26170,36656,11229,4908,3361,,,,,
31:55.0,00:00.0,100,2,1,60,30,986669,958409,58174,38416,19044,20195,20220,2881,,,,,
31:56.0,00:00.0,100,2,1,48,24,1611807,530785,24790,61974,15669,13980,12810,7184,,,,,
31:57.0,00:00.0,100,2,1,16,8,1107660,516431,10866,45923,11278,25780,7418,2681,,,,,
31:58.0,00:00.0,100,2,1,4,2,1108843,200448,18166,19949,10382,7378,15383,5219,,,,,
31:59.0,00:00.0,100,2,1,17,9,602775,66352,9887,59479,137191,9133,10861,4861,,,,,
32:00.0,00:00.0,100,2,1,26,13,1173739,144895,26673,24641,8750,3686,4513,2006,,,,,
32:01.0,00:00.0,100,2,1,51,26,24678,27236,34957,14035,11101,5618,3425,2310,,,,,
32:02.0,00:00.0,100,2,8,63,35,35506,63008,27156,10235,6956,7497,4609,2554,,,,,
32:03.0,00:00.0,100,2,8,69,38,23755,35469,15751,24807,12966,5604,3801,2478,,,,,
32:04.0,00:00.0,100,2,14,75,44,59401,108132,46526,24735,31952,6160,23468,3288,,,,,
32:05.0,00:00.0,100,2,20,57,38,167075,30123,4957,3730,3742,4452,2061,630,,,,,
32:06.0,00:00.0,100,2,16,61,38,424261,26325,26496,8879,21309,3520,3253,2039,,,,,
32:07.0,00:00.0,100,2,21,69,45,139040,16759,23820,30277,14042,7827,9552,5233,,,,,
32:08.0,00:00.0,100,2,29,75,52,100887,28042,18169,26353,12553,6772,3081,6188,,,,,
32:09.0,00:00.0,100,2,35,78,56,193269,45977,2620,26214,35875,14846,8197,4829,,,,,
32:10.0,00:00.0,100,2,41,66,53,71706,17137,2270,2550,2600,2229,1280,668,,,,,
32:11.0,00:00.0,100,2,47,47,47,99889,89350,15051,12759,14203,22699,19408,2636,,,,,
32:12.0,00:00.0,100,2,47,38,42,498915,89660,20684,25080,15040,13611,7442,1936,,,,,
32:13.0,00:00.0,100,2,48,48,48,12455,13929,6342,33347,24141,13304,11469,4099,,,,,
32:14.0,00:00.0,100,2,51,61,56,65869,30724,29840,28823,28485,12369,3380,4294,,,,,
32:15.0,00:00.0,100,2,43,64,53,142861,137367,32713,23950,38459,15158,9070,3358,,,,,
32:16.0,00:00.0,100,2,40,69,54,306391,19563,11032,4560,6246,2344,5604,765,,,,,
32:17.0,00:00.0,100,2,27,61,44,1184353,77638,7617,25440,8160,6957,2875,326,,,,,
32:18.0,00:00.0,100,2,10,47,28,3371449,699597,20005,125461,37437,18682,10146,5899,,,,,
32:19.0,00:00.0,100,2,10,44,27,823975,136032,33066,10963,21206,12447,5576,2947,,,,,
32:20.0,00:00.0,100,2,13,50,31,58197,48060,23991,50136,26952,13281,5792,4791,,,,,
32:21.0,00:00.0,100,2,17,64,40,440255,44968,45905,83045,12859,17363,8020,2826,,,,,
32:22.0,00:00.0,100,2,30,60,45,472767,260926,13841,25638,9809,29166,4614,2081,,,,,
32:23.0,00:00.0,100,2,43,66,54,297536,45105,19309,15663,12010,21230,8941,1824,,,,,
32:24.0,00:00.0,74,2,43,66,54,2390674,89193,37324,101761,44111,30174,7789,1942,,,,,
32:25.0,00:00.0,100,2,50,41,45,260597,187236,1910,24396,75230,45314,17498,7090,,,,,
32:26.0,00:00.0,100,2,60,35,47,650635,53647,51912,76441,25828,56004,11920,26209,,,,,
32:27.0,00:00.0,100,2,60,43,51,297802,75309,24143,9885,32828,11949,5866,2435,,,,,
32:28.0,00:00.0,100,2,44,29,36,481793,90833,6819,5620,3802,5417,3681,708,,,,,
32:29.0,00:00.0,100,2,40,38,39,738661,162313,24213,12916,17305,23048,6664,5131,,,,,
32:30.0,00:00.0,100,2,24,37,30,463096,42616,38638,5617,7649,4863,2049,1255,,,,,
32:31.0,00:00.0,100,2,14,43,28,395993,41375,3143,20091,4821,2657,1934,691,,,,,
32:32.0,00:00.0,100,2,4,37,20,443300,305460,13546,11417,26329,5256,3963,710,,,,,
32:33.0,00:00.0,100,2,7,54,30,1212502,61570,53213,90690,54119,28869,9876,5931,,,,,
32:34.0,00:00.0,100,3,8,54,31,1560752,8715,2197,7245,2492,1228,1311,214,,,,,
32:35.0,00:00.0,100,2,21,48,34,245039,36709,12384,2171,9517,8057,2920,1044,,,,,
32:36.0,00:00.0,100,2,47,60,53,527899,44781,2901,12364,9552,14472,6073,2281,,,,,
32:37.0,00:00.0,100,2,47,57,52,119891,27182,26784,17882,6750,11313,9296,3046,,,,,
32:38.0,00:00.0,100,2,53,63,58,116249,19327,14971,22493,5185,6666,6053,5879,,,,,
32:39.0,00:00.0,100,2,41,64,52,318908,50801,17560,3502,7477,3076,2135,939,,,,,
32:40.0,00:00.0,100,2,41,69,55,81026,18794,4398,8972,15006,8038,9549,2755,,,,,
32:41.0,00:00.0,100,2,43,67,55,18971,10150,8136,12672,13930,6394,8853,1827,,,,,
32:42.0,00:00.0,100,2,34,64,49,403692,32570,23327,14889,6238,3110,9850,3450,,,,,
32:43.0,00:00.0,100,2,53,67,60,14372,10273,11466,6110,15453,10632,6970,1430,,,,,
32:44.0,00:00.0,100,2,51,75,63,34779,10266,6960,17267,19489,7020,4368,4626,,,,,
32:45.0,00:00.0,100,2,54,67,60,11948,15259,1310,9237,8346,7050,3370,4013,,,,,
32:46.0,00:00.0,100,2,64,66,65,41886,11311,6499,14811,11116,4354,7634,1614,,,,,
32:47.0,00:00.0,100,2,63,66,64,6075,9079,4728,4790,3721,6871,3331,3812,,,,,
32:48.0,00:00.0,100,2,64,57,60,5461,37757,8887,7158,6831,12069,2959,3612,,,,,
32:49.0,00:00.0,100,2,61,80,70,18045,3664,33273,43358,7994,14731,2740,1607,,,,,
32:50.0,00:00.0,100,2,70,63,66,21562,16450,2027,4842,15775,9379,6807,3558,,,,,
32:51.0,00:00.0,100,2,70,57,63,20760,35210,10241,10761,8129,17614,4442,2787,,,,,
32:52.0,00:00.0,100,2,74,61,67,2458,17608,3769,10170,3600,9061,3158,1276,,,,,
32:53.0,00:00.0,100,2,67,43,55,47803,27964,2568,15644,7402,5527,6905,1122,,,,,
32:54.0,00:00.0,100,2,60,57,58,12493,22839,17060,10728,4655,8023,8937,4066,,,,,
32:55.0,00:00.0,100,2,47,67,57,27343,24921,22531,13678,8632,4515,8583,1588,,,,,
32:56.0,00:00.0,100,2,29,70,49,637910,95429,50949,23257,15237,7769,8788,2713,,,,,
32:57.0,00:00.0,74,5,29,70,49,619383,80171,9343,4492,22521,17286,2752,5025,,,,,
32:58.0,00:00.0,87,5,29,70,49,109559,71253,10225,1790,2194,729,376,477,,,,,
32:59.0,00:00.0,100,5,21,70,45,414266,152024,59133,30529,26665,11933,8720,3125,,,,,
33:00.0,00:00.0,100,5,10,60,35,106153,286102,58827,20848,6634,16356,6233,5076,,,,,
33:01.0,00:00.0,100,1,23,56,39,142820,16880,10420,7510,2007,9407,3673,1076,,,,,
33:02.0,00:00.0,100,1,37,54,45,216258,14575,10011,1450,1881,5134,2290,1227,,,,,
33:03.0,00:00.0,100,2,40,50,45,1954243,60606,13171,24653,62456,7552,10432,3297,,,,,
33:04.0,00:00.0,100,2,40,56,48,630028,42739,6625,14424,2357,3052,1961,1674,,,,,
33:05.0,00:00.0,100,2,35,48,41,107420,5666,1897,639,766,1315,311,108,,,,,
33:06.0,00:00.0,100,2,17,37,27,1273244,94590,7920,7664,5833,3871,2988,1546,,,,,
33:07.0,00:00.0,100,2,17,47,32,263961,65743,51585,13875,4120,9695,8647,2404,,,,,
33:08.0,00:00.0,100,2,21,54,37,810774,34276,40781,19139,19813,6549,8445,1607,,,,,
33:09.0,00:00.0,100,2,4,60,32,224605,68630,24627,15083,7872,2680,3748,793,,,,,
33:10.0,00:00.0,100,2,1,48,24,304187,47346,488,1989,1325,901,1362,1146,,,,,
33:11.0,00:00.0,100,2,1,40,20,3592596,181555,21957,67461,34719,11019,20255,4360,,,,,
33:12.0,00:00.0,100,2,1,21,11,74955,32109,3583,2205,992,956,706,593,,,,,
33:13.0,00:00.0,100,2,1,23,12,3308379,93975,19250,49762,19873,15099,6097,3281,,,,,
33:14.0,00:00.0,100,2,1,48,24,836230,89931,32500,43421,18878,6546,10158,1921,,,,,
33:15.0,00:00.0,100,1,8,48,28,1720928,96961,19606,23287,14896,9580,4882,2307,,,,,
33:16.0,00:00.0,100,1,4,54,29,1284098,864067,89532,231660,69035,24306,48023,20037,,,,,
33:17.0,00:00.0,100,1,14,53,33,1250514,40806,19136,22187,22464,25251,12807,6463,,,,,
33:18.0,00:00.0,100,1,13,57,35,430387,53844,57046,13802,11875,3837,11055,5838,,,,,
33:19.0,00:00.0,100,1,17,61,39,655551,35816,20137,22812,29859,9616,13112,10783,,,,,
33:20.0,00:00.0,100,1,27,70,48,524306,91108,41460,34700,5578,7947,5325,2821,,,,,
33:21.0,00:00.0,100,1,13,69,41,701240,206554,108495,33556,73982,22331,14344,14670,,,,,
33:22.0,00:00.0,100,1,30,64,47,10604,8457,18902,1856,18729,6396,6580,1671,,,,,
33:23.0,00:00.0,100,1,41,64,52,21241,14718,10599,6852,3628,12792,5317,2636,,,,,
33:24.0,00:00.0,100,1,54,74,64,9160,5211,2461,26342,5839,7018,4796,3637,,,,,
33:25.0,00:00.0,100,1,69,78,73,13869,17506,21170,9426,7261,14827,8455,2829,,,,,
33:26.0,00:00.0,100,1,60,80,70,14446,64876,26975,28068,6659,8610,5519,4618,,,,,
33:27.0,00:00.0,100,1,56,84,70,13390,8474,18132,4161,5832,8572,3798,5316,,,,,
33:28.0,00:00.0,100,1,51,77,64,9967,48559,26407,23367,6211,10629,4869,4351,,,,,
33:29.0,00:00.0,100,1,50,81,65,37407,8429,25161,4095,5816,10910,7647,2300,,,,,
33:30.0,00:00.0,100,1,66,78,72,32032,13465,5348,14390,6866,15265,7432,3564,,,,,
33:31.0,00:00.0,100,1,63,70,66,30373,18727,9009,4706,6493,6588,6895,2547,,,,,
33:32.0,00:00.0,100,1,69,64,66,450535,54422,28427,6556,11076,16577,4649,1780,,,,,
33:33.0,00:00.0,100,1,70,53,61,31354,22897,5749,9348,6368,13809,3757,2030,,,,,
33:34.0,00:00.0,100,1,67,44,55,18074,24453,3626,10201,19673,10534,6901,4264,,,,,
33:35.0,00:00.0,100,1,57,51,54,13872,37290,30555,7873,6785,6118,4964,1906,,,,,
33:36.0,00:00.0,100,1,57,63,60,4516,13754,40005,14721,7903,14835,4744,2721,,,,,
33:37.0,00:00.0,100,1,56,69,62,35897,15929,11140,5534,4214,9555,1945,3213,,,,,
33:38.0,00:00.0,100,1,43,84,63,30180,29425,41029,18282,14648,5316,17161,1491,,,,,
33:39.0,00:00.0,100,1,40,77,58,14994,121557,12299,37019,7262,8217,7551,2372,,,,,
33:40.0,00:00.0,100,1,40,66,53,16385,9471,7141,5889,10294,4008,6642,3569,,,,,
33:41.0,00:00.0,100,1,23,75,49,61419,38214,40248,20584,3640,5481,6342,4029,,,,,
33:42.0,00:00.0,100,1,26,74,50,210981,58540,33133,49833,17206,12574,3642,2020,,,,,
33:43.0,00:00.0,100,1,27,90,58,405739,37225,69408,70534,21006,11318,12696,5138,,,,,
33:44.0,00:00.0,100,2,17,80,48,1619110,393250,17164,77229,22102,30583,9126,4153,,,,,
33:45.0,00:00.0,100,2,23,70,46,2279253,251032,103447,68232,48208,36495,22677,7697,,,,,
33:46.0,00:00.0,87,3,23,70,46,2588777,138080,10208,19844,7496,5556,2785,997,,,,,
33:47.0,00:00.0,100,3,23,67,45,51252,35315,23272,19247,16947,7098,7911,1928,,,,,
33:48.0,00:00.0,100,3,26,43,34,314561,49790,4724,7153,6207,6582,4037,2776,,,,,
33:49.0,00:00.0,100,2,27,50,38,1690386,147848,59954,20638,23713,14551,9634,5067,,,,,
33:50.0,00:00.0,100,2,23,40,31,1168150,515161,67120,38719,12743,35967,9464,7904,,,,,
33:51.0,00:00.0,100,3,24,26,25,240241,76886,11771,5721,5282,9118,2521,1200,,,,,
33:52.0,00:00.0,100,2,23,35,29,354834,6195,1604,2566,4723,945,1036,505,,,,,
33:53.0,00:00.0,100,2,23,38,30,405701,218623,97927,62467,40533,26006,11500,5126,,,,,
33:54.0,00:00.0,100,2,30,53,41,67780,40448,46637,12229,16707,12783,16722,4516,,,,,
33:55.0,00:00.0,100,2,27,53,40,1224980,394735,10500,96468,74425,36154,8576,13258,,,,,
33:56.0,00:00.0,100,2,23,53,38,96352,46934,13996,6078,4713,3635,3471,2183,,,,,
33:57.0,00:00.0,100,2,37,48,42,2088744,30236,8370,10393,9898,15023,2309,2408,,,,,
33:58.0,00:00.0,100,2,34,41,37,3501945,305817,120279,123375,194416,45877,17243,21365,,,,,
33:59.0,00:00.0,100,1,41,43,42,1367929,78305,18747,18715,37627,21153,2355,762,,,,,
34:00.0,00:00.0,100,1,35,48,41,903285,189131,88252,21638,18583,7269,12574,4580,,,,,
34:01.0,00:00.0,100,1,21,56,38,41757,51609,28022,60990,34093,11979,6027,1642,,,,,
34:02.0,00:00.0,100,1,34,60,47,12600,16273,14838,5526,9854,10310,3013,3431,,,,,
34:03.0,00:00.0,100,1,37,69,53,25197,7777,7782,12214,14003,6504,3516,2092,,,,,
34:04.0,00:00.0,100,1,51,77,64,29356,21005,25690,10284,6147,6181,9178,3523,,,,,
34:05.0,00:00.0,100,1,53,69,61,676893,54087,17249,14816,8475,7788,5473,6984,,,,,
34:06.0,00:00.0,100,1,35,64,49,1271465,434451,64430,121109,43249,26724,30049,1734,,,,,
34:07.0,00:00.0,100,1,38,63,50,630816,45973,46145,30534,39283,34141,31931,19247,,,,,
34:08.0,00:00.0,100,1,40,48,44,44136,46580,10388,4534,21064,10264,3865,3597,,,,,
34:09.0,00:00.0,100,1,30,43,36,517383,98236,27165,9542,4569,5475,6418,2271,,,,,
34:10.0,00:00.0,100,1,34,41,37,648954,188769,40033,25008,33012,12999,10004,3741,,,,,
34:11.0,00:00.0,100,1,29,34,31,745287,82313,16875,17460,19076,26262,4211,2029,,,,,
34:12.0,00:00.0,100,1,13,43,28,370457,215921,91822,49885,10562,9162,5489,1378,,,,,
34:13.0,00:00.0,100,1,14,43,28,67283,32691,9063,4140,5680,2050,1549,629,,,,,
34:14.0,00:00.0,100,1,21,37,29,477492,174901,20556,7695,16593,21707,8181,3150,,,,,
34:15.0,00:00.0,100,1,23,48,35,12339,19940,34450,6421,7434,14041,10432,3954,,,,,
34:16.0,00:00.0,100,1,37,50,43,15796,26213,31047,5239,15737,7079,2963,1543,,,,,
34:17.0,00:00.0,100,1,47,63,55,24498,20160,8722,31182,6467,10048,6875,5074,,,,,
34:18.0,00:00.0,100,1,44,74,59,34048,79173,19298,12900,6911,9827,4287,4671,,,,,
34:19.0,00:00.0,100,1,29,75,52,246759,41304,31596,31150,14861,4547,3671,4136,,,,,
34:20.0,00:00.0,100,1,34,66,50,11856,18886,1532,9904,14641,3957,5153,2058,,,,,
34:21.0,00:00.0,100,1,27,51,39,1268492,186637,34583,31626,56218,25916,15061,13509,,,,,
34:22.0,00:00.0,100,1,34,50,42,110327,127447,16417,33395,24055,26283,6947,6181,,,,,
34:23.0,00:00.0,100,1,44,24,34,1982918,47277,3561,2942,6722,7744,4464,1009,,,,,
34:24.0,00:00.0,100,1,41,29,35,264499,25329,5704,10389,7409,3912,1864,1991,,,,,
34:25.0,00:00.0,100,1,41,40,40,1204104,11453,12754,2619,9029,2814,1976,1794,,,,,
34:26.0,00:00.0,100,2,30,38,34,765345,567834,101185,56856,41245,36913,9173,4594,,,,,
34:27.0,00:00.0,100,2,35,50,42,1776306,44790,9388,11374,5168,17867,2553,669,,,,,
34:28.0,00:00.0,100,2,37,51,44,536195,23899,5871,13832,3344,5088,3613,2329,,,,,
34:29.0,00:00.0,100,2,43,53,48,168141,58235,17420,72988,19982,30183,10336,3777,,,,,
34:30.0,00:00.0,100,1,41,48,44,2846454,167540,21459,4123,12140,7173,4393,896,,,,,
34:31.0,00:00.0,100,1,27,47,37,85746,78669,16458,10804,20755,6390,4749,2048,,,,,
34:32.0,00:00.0,100,1,24,48,36,45525,38645,6934,26722,10486,5243,3285,1721,,,,,
34:33.0,00:00.0,100,1,26,51,38,11666,13037,17170,12031,2176,10278,2000,4845,,,,,
34:34.0,00:00.0,100,1,41,64,52,15269,19109,2089,16897,7995,7593,4862,1547,,,,,
34:35.0,00:00.0,100,1,53,74,63,44824,17282,4030,18021,8048,9457,8391,2200,,,,,
34:36.0,00:00.0,100,1,64,75,69,29838,17619,8364,20678,9726,12095,2684,1810,,,,,
34:37.0,00:00.0,100,1,53,74,63,29073,27849,33852,4143,7277,4843,8729,3331,,,,,
34:38.0,00:00.0,100,1,47,69,58,9166,39734,3735,17694,4424,5513,5674,1526,,,,,
34:39.0,00:00.0,100,1,40,75,57,518975,11332,10510,10465,8449,4069,5145,1186,,,,,
34:40.0,00:00.0,100,1,29,70,49,224103,14377,7035,5297,4291,2053,1722,526,,,,,
34:41.0,00:00.0,100,1,41,61,51,15908,21256,3614,11478,11805,9626,4427,2598,,,,,
34:42.0,00:00.0,100,1,43,63,53,412118,44253,20491,21322,20811,9180,17719,1689,,,,,
34:43.0,00:00.0,100,1,47,61,54,13453,28811,9861,22447,4960,10668,4253,2889,,,,,
34:44.0,00:00.0,100,1,47,61,54,44659,67313,26922,19766,8173,8548,5908,3920,,,,,
34:45.0,00:00.0,100,1,40,67,53,10079,30729,13837,14367,6194,7453,8356,1163,,,,,
34:46.0,00:00.0,100,1,47,70,58,49203,42711,40607,14750,8781,19647,10056,4573,,,,,
34:47.0,00:00.0,100,1,38,67,52,141959,55589,35975,6832,10903,7628,5005,3132,,,,,
34:48.0,00:00.0,100,1,41,69,55,20908,25619,19848,5631,6160,6385,9364,2640,,,,,
34:49.0,00:00.0,100,1,41,57,49,76269,94456,5729,19360,9862,14218,2615,2998,,,,,
34:50.0,00:00.0,100,1,35,57,46,21121,18718,10644,16679,9343,4872,5554,4415,,,,,
34:51.0,00:00.0,100,1,48,40,44,327600,21531,1013,3403,16952,7649,6776,1565,,,,,
34:52.0,00:00.0,100,1,38,41,39,6829,40210,1064,34052,5761,3570,4442,1604,,,,,
34:53.0,00:00.0,100,1,50,41,45,29945,31394,3150,8691,6011,18101,5007,1021,,,,,
34:54.0,00:00.0,100,1,48,41,44,41346,45324,28380,22872,6082,8067,1245,2101,,,,,
34:55.0,00:00.0,100,1,43,61,52,47167,26839,16283,13189,5641,8705,2600,4207,,,,,
34:56.0,00:00.0,100,1,56,57,56,43846,22594,9528,10473,9910,8464,4078,2920,,,,,
34:57.0,00:00.0,100,1,35,64,49,332412,131626,57085,11173,38530,7588,10436,1800,,,,,
34:58.0,00:00.0,100,2,38,66,52,2078534,98630,163531,22532,57812,37916,28130,2924,,,,,
34:59.0,00:00.0,100,2,30,69,49,10413,33543,28675,7045,1760,5476,3871,2765,,,,,
35:00.0,00:00.0,100,2,17,77,47,28785,33048,38315,4010,11048,3710,1435,1232,,,,,
35:01.0,00:00.0,100,2,24,77,50,455049,177716,31620,98241,73306,26194,8647,4250,,,,,
35:02.0,00:00.0,100,2,20,69,44,2114356,180991,13193,97140,23500,22127,8305,2827,,,,,
35:03.0,00:00.0,100,2,17,67,42,1828641,95820,63153,20353,13007,11170,3384,1294,,,,,
35:04.0,00:00.0,100,2,29,70,49,250302,27451,54161,26041,7717,20517,5071,25270,,,,,
35:05.0,00:00.0,100,2,27,81,54,1373953,98764,114271,50787,15815,18844,9769,4582,,,,,
35:06.0,00:00.0,100,2,27,83,55,660932,60860,41842,18192,40069,8181,8060,2153,,,,,
35:07.0,00:00.0,100,2,27,80,53,321308,12237,3486,3701,1410,1181,1579,566,,,,,
35:08.0,00:00.0,100,2,24,56,40,378320,48297,2697,6383,5674,7734,7868,2892,,,,,
35:09.0,00:00.0,100,2,24,41,32,1607171,50284,8598,6801,3252,4482,2057,458,,,,,
35:10.0,00:00.0,100,2,17,40,28,1826428,358075,117638,91212,52861,21074,16620,14090,,,,,
35:11.0,00:00.0,100,2,8,16,12,925530,1529001,35101,29553,19528,30762,16973,13542,,,,,
35:12.0,00:00.0,100,2,1,26,13,717105,567799,186553,46433,26462,24884,34581,9393,,,,,
35:13.0,00:00.0,100,2,1,24,12,1123557,298384,25942,38008,51571,36067,2217,1279,,,,,
35:14.0,00:00.0,100,2,11,29,20,207654,55828,71090,7281,36844,21371,3158,959,,,,,
35:15.0,00:00.0,100,2,21,53,37,963404,50836,14455,13163,5097,4803,2355,968,,,,,
35:16.0,00:00.0,100,2,35,63,49,270972,33473,15249,46776,9445,12241,5337,3703,,,,,
35:17.0,00:00.0,100,2,37,80,58,404499,77786,76528,32709,22650,18521,12496,6835,,,,,
35:18.0,00:00.0,100,2,20,63,41,877159,694220,64754,34854,41954,20812,5236,9150,,,,,
35:19.0,00:00.0,100,2,14,43,28,411157,558310,19478,17065,22303,23123,6387,1385,,,,,
35:20.0,00:00.0,100,2,20,30,25,209209,71393,12692,35435,34148,26236,9353,3999,,,,,
35:21.0,00:00.0,100,2,14,10,12,318949,309003,12888,20955,9498,22815,3379,3301,,,,,
35:22.0,00:00.0,100,2,27,24,25,163514,64024,40303,14066,20538,11323,7561,3957,,,,,
35:23.0,00:00.0,100,2,27,35,31,1082246,591604,65264,51365,65359,25754,22194,4836,,,,,
35:24.0,00:00.0,100,2,21,29,25,1099171,98709,3347,20848,3460,15221,5486,4555,,,,,
35:25.0,00:00.0,100,3,16,41,28,328459,20077,7021,564,574,940,387,178,,,,,
35:26.0,00:00.0,100,2,13,44,28,497376,7503,6692,3970,4241,1218,857,195,,,,,
35:27.0,00:00.0,100,2,34,53,43,129932,88940,44180,19245,18491,55329,18531,4949,,,,,
35:28.0,00:00.0,100,2,21,60,40,246823,229713,89855,16427,49345,11332,14977,4528,,,,,
35:29.0,00:00.0,100,2,23,66,44,325737,338698,164832,189833,63324,24878,7208,8919,,,,,
35:30.0,00:00.0,100,2,20,51,35,1301013,58098,8053,5009,4232,3755,1591,334,,,,,
35:31.0,00:00.0,100,2,8,51,29,3261519,124176,26191,37313,28026,18306,9638,5088,,,,,
35:32.0,00:00.0,100,2,23,56,39,134503,24453,10220,28741,25472,10865,5102,2308,,,,,
35:33.0,00:00.0,100,2,34,54,44,33345,30939,9805,18272,7416,7300,7289,1125,,,,,
35:34.0,00:00.0,100,2,41,57,49,43461,28810,1789,8587,4416,4255,11107,2033,,,,,
35:35.0,00:00.0,100,3,40,53,46,1648217,28955,5650,3106,6395,3327,1176,461,,,,,
35:36.0,00:00.0,100,3,27,57,42,130344,77942,91929,14032,7917,9086,2847,2518,,,,,
35:37.0,00:00.0,100,3,23,67,45,132812,25308,42397,18515,6709,5699,13162,2397,,,,,
35:38.0,00:00.0,100,3,23,88,55,156061,20411,73025,40044,12333,17071,2746,3748,,,,,
35:39.0,00:00.0,100,3,30,91,60,214800,55154,19171,6564,7157,13386,5430,2426,,,,,
35:40.0,00:00.0,100,2,35,81,58,1523549,16093,3310,6650,6861,1845,1408,255,,,,,
35:41.0,00:00.0,100,2,30,61,45,60967,151323,17830,16436,14130,9163,4532,2817,,,,,
35:42.0,00:00.0,100,2,27,54,40,13338,22234,10559,32957,12152,6050,5092,1452,,,,,
35:43.0,00:00.0,100,2,27,66,46,21091,13806,17026,23474,12049,9865,5832,1382,,,,,
35:44.0,00:00.0,100,2,37,66,51,147927,62006,16550,15003,7590,16876,8575,3232,,,,,
35:45.0,00:00.0,100,2,35,60,47,783965,297366,15194,17663,22328,14762,5148,3563,,,,,
35:46.0,00:00.0,100,2,26,53,39,1226829,88243,30149,16924,2957,4314,2715,2641,,,,,
35:47.0,00:00.0,100,2,20,40,30,788578,66297,5236,17886,5275,7460,4076,2815,,,,,
35:48.0,00:00.0,100,2,10,27,18,254887,54309,4124,3111,9524,3862,3222,1531,,,,,
35:49.0,00:00.0,74,6,10,27,18,1522578,64352,39782,92036,48826,52310,32560,26342,,,,,
35:50.0,00:00.0,74,6,10,27,18,188559,17387,4120,5889,5722,6114,2223,646,,,,,
35:51.0,00:00.0,74,6,10,27,18,743265,201374,79609,76451,64422,45873,26571,15102,,,,,
35:52.0,00:00.0,87,6,10,27,18,154786,58405,12634,38336,17955,2467,646,267,,,,,
35:53.0,00:00.0,100,6,24,37,30,447037,31734,3040,8059,2922,9904,3297,658,,,,,
35:54.0,00:00.0,74,2,24,37,30,1155986,105941,19400,16669,20729,12423,3387,1202,,,,,
35:55.0,00:00.0,100,2,48,30,39,94730,4212,3506,1267,7330,3417,1543,337,,,,,
35:56.0,00:00.0,100,2,50,21,35,245384,104929,6068,7839,7560,12482,2370,1747,,,,,
35:57.0,00:00.0,100,2,47,30,38,325546,21337,6297,1912,6369,1376,1553,696,,,,,
35:58.0,00:00.0,100,2,35,30,32,479230,20673,2262,3247,1401,1493,592,141,,,,,
35:59.0,00:00.0,100,2,26,37,31,42820,8674,6086,4710,5596,3582,810,247,,,,,
36:00.0,00:00.0,100,2,20,50,35,217071,14075,2828,5638,6238,1128,779,514,,,,,
36:01.0,00:00.0,100,2,23,53,38,1855660,412023,125094,99376,74507,37883,34052,16873,,,,,
36:02.0,00:00.0,100,2,29,56,42,1215817,78066,21245,7552,4669,14245,3496,1664,,,,,
36:03.0,00:00.0,100,2,26,50,38,1137482,265489,76089,35856,32587,44610,8326,1048,,,,,
36:04.0,00:00.0,100,2,30,50,40,199023,30612,10376,6605,6887,3594,4047,3096,,,,,
36:05.0,00:00.0,100,2,29,44,36,59710,67350,11319,4062,1682,4348,876,430,,,,,
36:06.0,00:00.0,100,2,26,38,32,1211423,187904,24966,19276,36392,21562,6563,1978,,,,,
36:07.0,00:00.0,100,2,34,47,40,761693,15520,3660,23781,9159,10637,1931,512,,,,,
36:08.0,00:00.0,100,2,37,35,36,569996,320736,27371,19583,46578,45831,7841,2837,,,,,
36:09.0,00:00.0,100,3,44,44,44,2078902,204188,126097,108654,135277,51780,10512,4204,,,,,
36:10.0,00:00.0,100,3,47,56,51,92497,44461,2474,28293,4872,8491,2646,768,,,,,
36:11.0,00:00.0,100,3,30,41,35,513981,43759,3610,3634,550,2507,2427,520,,,,,
36:12.0,00:00.0,100,3,34,43,38,122719,23328,2690,5184,33429,4560,3877,1813,,,,,
36:13.0,00:00.0,100,3,29,38,33,37459,4383,1690,484,628,499,188,230,,,,,
36:14.0,00:00.0,100,3,27,44,35,49958,27547,31209,18657,14256,7996,5736,1035,,,,,
36:15.0,00:00.0,100,3,47,57,52,18956,6472,3873,9025,5262,7060,3468,1311,,,,,
36:16.0,00:00.0,100,3,44,80,62,13622,12881,27172,13397,9002,6202,5430,2204,,,,,
36:17.0,00:00.0,100,3,60,84,72,6821,5746,13019,1957,7600,7494,5345,2638,,,,,
36:18.0,00:00.0,100,3,78,77,77,10966,2912,2571,10160,12680,13267,3061,1477,,,,,
36:19.0,00:00.0,100,3,67,81,74,19308,11959,6180,22223,7998,5199,4243,1211,,,,,
36:20.0,00:00.0,100,3,67,78,72,5046,10216,13649,11118,14792,3609,5842,3551,,,,,
36:21.0,00:00.0,100,3,61,78,69,12331,13379,13128,7204,5759,6598,3486,1539,,,,,
36:22.0,00:00.0,100,3,48,87,67,12193,13510,16475,5623,4511,6243,4473,4197,,,,,
36:23.0,00:00.0,100,3,48,77,62,29206,37103,18114,648,5823,8648,3719,3361,,,,,
36:24.0,00:00.0,100,3,40,66,53,86728,18789,4098,2771,2157,995,2134,394,,,,,
36:25.0,00:00.0,100,3,40,57,48,10245,24119,8888,4216,7220,7098,7643,1171,,,,,
36:26.0,00:00.0,100,3,54,41,47,7811,11421,4505,2560,13162,15797,4011,1092,,,,,
36:27.0,00:00.0,100,3,41,60,50,3687,15202,55545,24646,10170,3737,4382,3576,,,,,
36:28.0,00:00.0,100,3,53,67,60,8647,23002,20433,4172,7895,5666,4941,1505,,,,,
36:29.0,00:00.0,100,3,41,64,52,288857,140284,15537,22842,27342,8732,5372,5781,,,,,
36:30.0,00:00.0,100,3,7,64,35,428222,264329,22884,28641,18660,6136,4392,2213,,,,,
36:31.0,00:00.0,100,3,4,41,22,78642,108103,9490,17696,5723,5554,3036,2534,,,,,
36:32.0,00:00.0,100,3,1,43,22,31580,43529,20081,33593,15737,4797,8952,4295,,,,,
36:33.0,00:00.0,100,3,7,47,27,28333,40535,14156,6005,4309,8738,6364,1993,,,,,
36:34.0,00:00.0,100,3,27,63,45,3635,18723,25815,8656,9609,8430,3179,1174,,,,,
36:35.0,00:00.0,100,3,35,67,51,205612,40925,9299,10285,9223,4851,2724,2760,,,,,
36:36.0,00:00.0,100,3,35,57,46,31814,69491,13624,13703,12404,4857,12562,5794,,,,,
36:37.0,00:00.0,87,6,35,57,46,2019164,158853,45774,162167,115506,124025,33707,25476,,,,,
36:38.0,00:00.0,87,6,35,57,46,1667570,1485946,701535,782030,544756,269132,188670,126483,,,,,
36:39.0,00:00.0,87,6,35,57,46,73655,53861,18981,22903,24970,22462,14227,6184,,,,,
36:40.0,00:00.0,100,6,26,56,41,2085135,128496,22139,26143,9375,10634,8197,2251,,,,,
36:41.0,00:00.0,87,2,26,56,41,671606,31902,3985,4213,2094,1493,468,327,,,,,
36:42.0,00:00.0,100,2,20,60,40,5045,19748,4774,38258,7405,5334,2049,1984,,,,,
36:43.0,00:00.0,100,2,16,50,33,29395,65907,5099,5820,11069,5071,3978,2349,,,,,
36:44.0,00:00.0,100,2,34,38,36,80212,47505,4271,3124,11920,15779,3595,2841,,,,,
36:45.0,00:00.0,100,2,44,37,40,1800922,308582,65328,58688,83541,90642,19074,7203,,,,,
36:46.0,00:00.0,100,2,44,23,33,132327,55596,9915,12729,7678,6992,3154,1178,,,,,
36:47.0,00:00.0,100,2,54,37,45,315648,14721,6068,4643,4977,4206,1877,1004,,,,,
36:48.0,00:00.0,100,2,38,53,45,314890,24333,11990,10483,7279,2228,3426,758,,,,,
36:49.0,00:00.0,100,2,43,64,53,341299,14029,23191,13075,11999,17611,23530,2164,,,,,
36:50.0,00:00.0,100,2,40,77,58,142007,32958,26392,18702,6908,4618,2063,700,,,,,
36:51.0,00:00.0,100,2,24,69,46,65803,24536,5345,2191,3213,1113,420,182,,,,,
36:52.0,00:00.0,100,2,29,63,46,827934,42552,9233,4839,3900,5052,846,600,,,,,
36:53.0,00:00.0,100,2,26,54,40,62129,39039,13674,11375,15404,14758,7303,3056,,,,,
36:54.0,00:00.0,100,2,40,41,40,727887,44868,10399,24220,58735,22661,17678,8821,,,,,
36:55.0,00:00.0,100,1,40,44,42,274038,46256,17228,2088,5901,2053,2672,1536,,,,,
36:56.0,00:00.0,100,1,47,47,47,88078,15029,3060,5302,8036,4011,9927,454,,,,,
36:57.0,00:00.0,100,1,30,54,42,145465,233355,184347,50552,13636,21349,19964,5820,,,,,
36:58.0,00:00.0,100,2,14,61,37,352100,21115,13498,1928,3906,1919,809,423,,,,,
36:59.0,00:00.0,100,2,29,63,46,347534,30496,1020,18622,6786,9044,7280,5622,,,,,
37:00.0,00:00.0,100,2,34,69,51,16990,31257,24046,8079,8333,14760,9414,2061,,,,,
37:01.0,00:00.0,100,2,34,64,49,145422,64821,15772,21603,3566,5083,1786,827,,,,,
37:02.0,00:00.0,100,2,41,54,47,1382188,107542,11200,18541,10512,16469,14943,3097,,,,,
37:03.0,00:00.0,100,2,38,57,47,34526,10912,3854,3508,1065,1974,698,921,,,,,
37:04.0,00:00.0,100,2,41,61,51,102727,5734,6224,9464,4408,6566,5183,2410,,,,,
37:05.0,00:00.0,100,2,47,50,48,1683612,437452,12915,67889,14724,51066,11148,6637,,,,,
37:06.0,00:00.0,100,2,40,64,52,329052,7030,3331,8282,3264,1257,1536,2187,,,,,
37:07.0,00:00.0,100,2,38,64,51,1223004,160250,94452,14959,21996,25298,7062,14484,,,,,
37:08.0,00:00.0,100,2,20,41,30,1204614,144237,9024,5068,6782,6543,4935,4637,,,,,
37:09.0,00:00.0,100,2,16,56,36,765994,72270,14747,67161,38234,11653,16412,9700,,,,,
37:10.0,00:00.0,100,2,16,51,33,38069,74122,51203,43630,62549,10296,14384,5075,,,,,
37:11.0,00:00.0,100,2,20,54,37,31935,42460,3564,45681,13211,11818,20388,7495,,,,,
37:12.0,00:00.0,100,2,26,69,47,91403,77833,35218,4456,9008,10039,15622,3186,,,,,
37:13.0,00:00.0,100,2,34,67,50,278080,17031,9544,7763,9042,5711,2439,917,,,,,
37:14.0,00:00.0,100,2,24,54,39,1991221,322375,50213,17472,85993,8803,21869,7118,,,,,
37:15.0,00:00.0,100,2,20,50,35,407660,105164,43068,11155,11980,11450,5650,1247,,,,,
37:16.0,00:00.0,100,2,21,47,34,1545817,112142,17363,29042,27668,14333,4215,4032,,,,,
37:17.0,00:00.0,100,2,13,44,28,442927,58345,20471,10362,9307,5960,8962,3222,,,,,
37:18.0,00:00.0,100,2,37,57,47,9481,16689,8839,22376,14694,13994,4696,2164,,,,,
37:19.0,00:00.0,100,2,34,53,43,97377,82653,12548,8608,6710,5021,2680,1084,,,,,
37:20.0,00:00.0,100,2,38,61,49,1125592,149087,114431,50230,41851,47554,14146,2721,,,,,
37:21.0,00:00.0,100,2,48,67,57,19950,15520,17975,15798,13964,10733,3325,584,,,,,
37:22.0,00:00.0,100,2,43,69,56,4727,9444,10340,7104,6934,5193,6468,1278,,,,,
37:23.0,00:00.0,100,2,53,81,67,122154,49214,28974,34293,12431,15020,4725,1303,,,,,
37:24.0,00:00.0,100,3,57,77,67,691424,37950,5289,27289,27464,19016,2064,2253,,,,,
37:25.0,00:00.0,100,2,50,66,58,864087,32482,8950,4572,6996,3684,659,661,,,,,
37:26.0,00:00.0,100,2,41,63,52,284659,66255,49168,17332,38073,11472,4950,1502,,,,,
37:27.0,00:00.0,100,2,41,54,47,83585,45858,19686,4492,6069,10125,6158,4443,,,,,
37:28.0,00:00.0,100,2,23,53,38,147735,120328,19309,34454,27336,5915,3734,6006,,,,,
37:29.0,00:00.0,100,2,23,57,40,15691,26858,16232,7216,10670,4100,4464,2675,,,,,
37:30.0,00:00.0,100,2,29,50,39,3469,46996,12543,3158,12025,10963,3417,1026,,,,,
37:31.0,00:00.0,100,2,27,69,48,22567,5105,11588,17533,2073,3644,1304,1935,,,,,
37:32.0,00:00.0,100,2,38,69,53,22855,33462,7879,12926,16506,5971,3736,1555,,,,,
37:33.0,00:00.0,100,2,37,70,53,57837,56989,34899,13110,3487,7622,13652,1686,,,,,
37:34.0,00:00.0,100,2,30,77,53,538275,39820,9766,12305,13671,6052,3804,2574,,,,,
37:35.0,00:00.0,100,2,35,51,43,375896,76297,18712,10939,39031,14650,4045,2067,,,,,
37:36.0,00:00.0,100,2,29,53,41,1667807,282055,116925,25865,16948,25588,11794,7689,,,,,
37:37.0,00:00.0,100,2,16,43,29,188677,218928,45164,7380,10931,5391,2501,2305,,,,,
37:38.0,00:00.0,100,2,8,27,17,197987,47453,1154,2478,1304,1781,1487,1430,,,,,
37:39.0,00:00.0,100,2,1,27,14,1098671,178565,36322,16496,17752,12127,14795,12823,,,,,
37:40.0,00:00.0,100,2,1,35,18,101682,3426,2974,658,246,280,244,425,,,,,
37:41.0,00:00.0,100,2,3,38,20,1709575,471725,116529,60579,54490,32252,56595,8828,,,,,
37:42.0,00:00.0,100,2,8,60,34,633357,361963,268221,42108,71283,39187,23067,21700,,,,,
37:43.0,00:00.0,100,2,21,66,43,252542,37623,13193,19870,11158,15247,9656,2786,,,,,
37:44.0,00:00.0,100,2,30,56,43,38903,20497,895,10113,11448,3981,9411,1223,,,,,
37:45.0,00:00.0,100,2,41,64,52,10289,33205,8540,25577,7847,10563,4942,1370,,,,,
37:46.0,00:00.0,100,2,54,64,59,15605,15442,8307,14519,6763,8904,3965,2559,,,,,
37:47.0,00:00.0,100,2,50,57,53,9384,27926,5802,3504,4603,5103,4422,3439,,,,,
37:48.0,00:00.0,100,2,37,66,51,355474,95017,26752,55190,9090,4847,4178,1178,,,,,
37:49.0,00:00.0,100,2,24,60,42,387365,100456,26075,17038,12343,6873,5017,1489,,,,,
37:50.0,00:00.0,100,2,3,63,33,201060,63463,35142,42496,11633,3032,3784,1307,,,,,
37:51.0,00:00.0,100,2,1,60,30,275471,107647,19932,3647,13300,4820,9684,2714,,,,,
37:52.0,00:00.0,100,2,8,60,34,21088,16110,11049,8926,5930,6326,8615,1634,,,,,
37:53.0,00:00.0,100,2,14,78,46,103283,15484,35069,35536,5720,8368,7418,3655,,,,,
37:54.0,00:00.0,100,2,37,60,48,20428,27254,2845,4339,14710,7876,2470,3135,,,,,
37:55.0,00:00.0,100,2,43,70,56,1068190,264766,154030,56592,21668,30287,6433,5222,,,,,
37:56.0,00:00.0,100,3,50,66,58,251845,15929,12412,18249,36115,17554,1133,274,,,,,
37:57.0,00:00.0,100,4,41,53,47,354970,108118,39206,27181,8277,6894,1529,899,,,,,
37:58.0,00:00.0,100,3,30,56,43,100258,5967,459,1146,1073,512,241,95,,,,,
37:59.0,00:00.0,100,3,34,48,41,227711,28955,7967,1350,4611,2827,1098,590,,,,,
38:00.0,00:00.0,100,3,16,48,32,36493,44631,23282,5756,14781,5553,4162,3191,,,,,
38:01.0,00:00.0,100,3,23,54,38,355884,138232,144678,22321,13041,24165,8528,3153,,,,,
38:02.0,00:00.0,100,3,8,60,34,2007923,566646,125088,103338,23574,12014,17392,30263,,,,,
38:03.0,00:00.0,100,3,14,64,39,1607854,66124,26707,17128,2081,14008,5876,2347,,,,,
38:04.0,00:00.0,100,3,11,74,42,1599130,140078,124758,43109,23174,15675,15805,3538,,,,,
38:05.0,00:00.0,100,3,1,75,38,315714,171773,113640,127549,11531,9713,5554,6196,,,,,
38:06.0,00:00.0,100,3,26,80,53,27314,13798,6902,13493,10326,7041,4408,7105,,,,,
38:07.0,00:00.0,100,2,20,75,47,944168,33697,6949,5108,7406,3286,1400,623,,,,,
38:08.0,00:00.0,87,3,20,75,47,186719,63573,3354,5871,4395,2468,1195,709,,,,,
38:09.0,00:00.0,100,3,21,66,43,154056,3646,1470,530,380,367,175,66,,,,,
38:10.0,00:00.0,100,3,37,56,46,971745,19452,10088,4921,7244,4238,3760,885,,,,,
38:11.0,00:00.0,100,3,34,34,34,716764,181036,7375,7921,69716,21677,8496,1602,,,,,
38:12.0,00:00.0,100,3,21,26,23,1368610,229366,10847,20211,4741,5532,3098,2083,,,,,
38:13.0,00:00.0,100,3,26,30,28,348151,44381,27850,15902,6278,8251,2796,1825,,,,,
38:14.0,00:00.0,100,2,26,37,31,560410,34574,27983,16908,5044,9771,3749,682,,,,,
38:15.0,00:00.0,86,2,26,37,31,1801506,44604,3259,5486,2003,3024,736,575,,,,,
38:16.0,00:00.0,100,2,16,57,36,473163,77292,30692,18002,11288,4778,2323,2363,,,,,
38:17.0,00:00.0,100,2,37,80,58,30062,19888,34261,15815,10020,12860,3099,7240,,,,,
38:18.0,00:00.0,100,2,54,70,62,108947,9603,8608,8772,23186,22028,3552,3188,,,,,
38:19.0,00:00.0,100,2,57,64,60,24857,26970,5372,15019,11645,9390,6970,3029,,,,,
38:20.0,00:00.0,100,2,64,56,60,162065,164251,26116,14740,13035,14046,6575,5156,,,,,
38:21.0,00:00.0,100,2,60,34,47,10673,74853,4238,5420,7752,8939,3106,1992,,,,,
38:22.0,00:00.0,100,2,44,44,44,10726,23946,14187,23222,4407,9332,2285,2488,,,,,
38:23.0,00:00.0,100,2,43,51,47,263169,33143,53999,16352,24372,18319,4095,2729,,,,,
38:24.0,00:00.0,100,2,51,54,52,49009,33492,5016,7487,2751,8002,7513,2217,,,,,
38:25.0,00:00.0,100,2,60,70,65,30090,19584,19749,4347,11873,10325,4794,1086,,,,,
38:26.0,00:00.0,100,2,48,57,52,309975,145050,9819,33414,8773,9002,5658,3520,,,,,
38:27.0,00:00.0,100,2,51,61,56,112272,10896,28965,2896,7470,10077,5441,961,,,,,
38:28.0,00:00.0,100,2,48,70,59,29567,12547,21085,3541,10608,4791,3406,3442,,,,,
38:29.0,00:00.0,100,2,40,77,58,58754,21100,12510,15105,6805,4649,3906,1171,,,,,
38:30.0,00:00.0,100,4,48,80,64,1639063,243930,43560,124167,108769,44020,9372,10380,,,,,
38:31.0,00:00.0,100,4,40,60,50,886716,68066,3076,9085,7604,7248,3002,2444,,,,,
38:32.0,00:00.0,100,4,40,54,47,131523,43516,3861,28231,4923,10041,3026,4586,,,,,
38:33.0,00:00.0,87,2,40,54,47,2249598,145144,22392,38008,20132,15351,3497,2644,,,,,
38:34.0,00:00.0,100,2,35,57,46,487744,14491,16021,11630,3440,2661,3591,502,,,,,
38:35.0,00:00.0,100,2,27,57,42,359350,42312,12540,7926,6001,3136,4081,1267,,,,,
38:36.0,00:00.0,100,2,23,66,44,539340,43992,2990,12389,2990,3468,1797,336,,,,,
38:37.0,00:00.0,100,1,3,47,25,239522,116183,2174,6541,2222,2080,1306,519,,,,,
38:38.0,00:00.0,100,1,1,29,15,169909,81332,3727,17412,15936,3543,3834,1187,,,,,
38:39.0,00:00.0,100,1,1,37,19,1199194,81248,48573,43426,27484,5444,5592,5239,,,,,
38:40.0,00:00.0,100,1,1,41,21,730925,29050,19514,1367,6905,2773,2664,1165,,,,,
38:41.0,00:00.0,100,1,8,51,29,1754214,431864,6815,102574,60146,43998,42004,12678,,,,,
38:42.0,00:00.0,100,1,8,48,28,896655,200061,14329,16417,11253,8299,6186,3585,,,,,
38:43.0,00:00.0,100,1,13,43,28,241277,250100,24520,150083,41012,22948,24255,38004,,,,,
38:44.0,00:00.0,100,1,13,40,26,769243,7554,1017,2476,1406,491,675,705,,,,,
38:45.0,00:00.0,100,1,13,40,26,1557775,186661,29306,12176,11727,15426,23393,5543,,,,,
38:46.0,00:00.0,100,1,21,60,40,788767,84317,152125,22174,38803,23324,19834,9498,,,,,
38:47.0,00:00.0,100,1,27,51,39,1897826,222364,14582,52870,47267,31058,26245,17326,,,,,
38:48.0,00:00.0,100,1,23,50,36,437658,110055,6323,32102,3825,4362,18318,3611,,,,,
38:49.0,00:00.0,100,1,27,57,42,1448635,35866,9460,14487,9537,7482,5219,2869,,,,,
38:50.0,00:00.0,100,1,48,47,47,21083,4322,4475,5894,13156,12187,7788,4235,,,,,
38:51.0,00:00.0,100,1,50,60,55,906027,23045,34909,8302,17984,9741,10722,5366,,,,,
38:52.0,00:00.0,100,2,60,77,68,2193746,108878,188093,73322,7488,30384,29106,4360,,,,,
38:53.0,00:00.0,100,2,50,75,62,992401,71122,11571,20376,9147,4892,11682,1866,,,,,
38:54.0,00:00.0,100,2,29,61,45,337198,22474,521,1819,3409,2043,3863,945,,,,,
38:55.0,00:00.0,100,2,27,43,35,130291,305084,6088,40512,18611,42787,18944,19644,,,,,
38:56.0,00:00.0,100,2,35,17,26,2271370,372870,13847,62319,75075,69967,34095,8929,,,,,
38:57.0,00:00.0,100,2,37,16,26,1206817,214265,9770,95734,123333,19283,14684,5481,,,,,
38:58.0,00:00.0,100,2,47,34,40,411942,53037,35690,13212,13056,22933,4145,2332,,,,,
38:59.0,00:00.0,100,2,40,44,42,1740331,450818,41222,192723,41902,42631,27037,17580,,,,,
39:00.0,00:00.0,100,1,35,53,44,968416,19415,4788,4689,5506,2842,1581,410,,,,,
39:01.0,00:00.0,100,1,34,56,45,936470,197167,69986,33869,18521,15810,24926,7590,,,,,
39:04.0,00:00.0,87,1,27,60,43,1282348,33127,17469,6512,4723,1515,1117,379,,,,,
39:04.0,00:00.0,100,1,20,57,38,824890,104226,9689,35459,9512,3855,3120,1271,,,,,
