Time','VidTime','Signal Level','Blink','Attention','Meditation','Zone','Delta','Theta','Low Alpha','High Alpha','Low Beta','High Beta','Low Gamma','Mid Gamma',,,,,
55:51.0,00:00.0,100,1,44,66,55,560038,94250,48558,30213,9832,22834,30107,4179,,17389.67619,17879.77381,8235.640476,3861.519048
55:52.0,00:00.0,100,1,48,57,52,180092,24370,2499,3721,3421,2901,1215,821,,,,,
55:53.0,00:00.0,100,1,38,43,40,784771,721289,31457,55118,26653,33350,7440,8426,,,,,
55:54.0,00:00.0,100,1,35,54,44,40930,17251,19299,16434,7785,7265,4871,3479,,,,,
55:55.0,00:00.0,100,1,44,51,47,22518,29918,9671,17359,9422,22012,3477,1643,,,,,
55:56.0,00:00.0,100,1,63,63,63,12577,6132,15172,11670,8843,20387,5089,1408,,,,,
55:57.0,00:00.0,100,1,83,75,79,43092,30643,5252,34194,18603,26345,3463,1331,,,,,
55:58.0,00:00.0,100,1,87,57,72,10227,41291,1860,8644,24589,9468,4422,1769,,,,,
55:59.0,00:00.0,100,1,87,50,68,34728,31601,6778,5165,10997,16317,5816,1894,,,,,
56:00.0,00:00.0,100,1,75,50,62,24682,18204,27260,12235,27308,11181,6114,961,,,,,
56:01.0,00:00.0,100,1,77,54,65,78615,2036,11585,20749,17878,14043,5617,4101,,,,,
56:02.0,00:00.0,100,1,64,69,66,98816,62775,41323,18576,12383,7856,9495,1509,,,,,
56:03.0,00:00.0,100,1,56,69,62,19742,46464,4756,8565,10259,8217,3885,2244,,,,,
56:04.0,00:00.0,100,1,53,54,53,768622,216940,6112,28732,42165,33255,11815,7380,,,,,
56:05.0,00:00.0,100,1,38,50,44,302246,185368,86559,31847,22774,27957,12487,8091,,,,,
56:06.0,00:00.0,100,1,43,30,36,138087,148099,9364,10516,51604,17460,5429,5870,,,,,
56:07.0,00:00.0,100,1,38,40,39,63820,43411,15203,17526,13703,7731,7717,4237,,,,,
56:08.0,00:00.0,100,1,50,51,50,53539,32128,35971,8578,22149,31923,6243,3445,,,,,
56:09.0,00:00.0,100,1,48,51,49,277638,33372,6579,16147,8200,4090,1290,611,,,,,
56:10.0,00:00.0,100,1,54,66,60,59472,46179,31619,12101,12958,17459,4899,6465,,,,,
56:11.0,00:00.0,100,1,66,61,63,76004,32470,8632,11203,20971,15774,3687,6446,,,,,
56:12.0,00:00.0,100,1,54,61,57,46321,106286,15413,47747,16821,24345,4267,1940,,,,,
56:13.0,00:00.0,100,1,69,60,64,12349,50369,22821,16300,17058,27799,5345,3516,,,,,
56:14.0,00:00.0,100,1,70,57,63,115189,57116,38035,25781,58632,29485,4838,1640,,,,,
56:15.0,00:00.0,100,1,56,48,52,69422,74811,3694,3724,8589,6071,1585,410,,,,,
56:16.0,00:00.0,100,1,54,53,53,23761,63564,59604,12509,13609,15948,6070,5218,,,,,
56:17.0,00:00.0,100,1,47,51,49,44589,72325,2889,36320,16902,14488,6369,720,,,,,
56:18.0,00:00.0,100,2,34,51,42,218165,73099,26450,17802,29247,8799,3825,824,,,,,
56:19.0,00:00.0,100,2,37,67,52,492406,48253,20554,16392,3608,7589,1547,1002,,,,,
56:20.0,00:00.0,100,2,27,60,43,292095,43249,14311,890,2623,3009,1929,256,,,,,
56:21.0,00:00.0,100,2,27,64,45,33476,92056,59040,10287,7445,21620,6425,4209,,,,,
56:22.0,00:00.0,100,2,34,66,50,440679,97100,66708,13314,30849,22200,9505,1961,,,,,
56:23.0,00:00.0,100,2,26,53,39,895807,517603,34476,47043,33991,27767,30821,10565,,,,,
56:24.0,00:00.0,100,2,38,57,47,393636,163220,78903,77425,39324,55571,19286,5830,,,,,
56:25.0,00:00.0,100,2,57,51,54,305262,16991,12949,7662,13262,38136,7904,3984,,,,,
56:26.0,00:00.0,100,2,53,53,53,18053,52995,36323,10530,13930,7496,10560,2917,,,,,
56:27.0,00:00.0,100,2,69,54,61,26809,52405,6600,4951,15267,13485,11187,1923,,,,,
56:28.0,00:00.0,100,2,74,56,65,30044,28724,35028,7312,11088,17649,5358,3006,,,,,
56:29.0,00:00.0,100,2,43,54,48,14858,67579,13807,8166,6404,4601,3847,2908,,,,,
56:30.0,00:00.0,100,2,43,53,48,64681,65666,26785,10508,11218,7293,12618,3688,,,,,
56:31.0,00:00.0,100,2,37,60,48,39126,67306,8840,19685,9904,9772,4789,2305,,,,,
56:32.0,00:00.0,100,2,17,41,29,18352,158632,3678,13537,41366,7125,5395,3413,,,,,
56:33.0,00:00.0,100,2,38,40,39,14220,40093,7040,10436,23107,22881,14077,3589,,,,,
56:34.0,00:00.0,100,2,56,30,43,121219,38223,10130,6998,27597,28541,8128,5085,,,,,
56:35.0,00:00.0,100,2,64,35,49,14492,40424,9191,27203,20348,18152,7888,2043,,,,,
56:36.0,00:00.0,100,2,67,38,52,105919,28312,3949,875,3574,1977,1330,963,,,,,
56:37.0,00:00.0,100,2,60,53,56,159849,28715,34018,24268,7122,14280,7315,3128,,,,,
56:38.0,00:00.0,100,2,44,70,57,1547545,30332,59916,18059,9454,12213,10662,7487,,,,,
56:39.0,00:00.0,100,2,43,77,60,134228,10117,11462,2324,1780,4468,2937,836,,,,,
56:40.0,00:00.0,100,2,54,80,67,125435,69271,18174,1421,7119,16768,10393,6064,,,,,
56:41.0,00:00.0,100,2,61,70,65,15941,17992,10912,28070,61960,15360,7016,2784,,,,,
56:42.0,00:00.0,100,2,74,57,65,11678,27475,13141,9853,25155,16233,7675,1298,,,,,
56:43.0,00:00.0,100,2,66,48,57,91337,100390,7196,29926,29288,15481,5480,1636,,,,,
56:44.0,00:00.0,100,2,60,56,58,514654,52528,22159,23530,21182,10195,8428,1606,,,,,
56:45.0,00:00.0,100,2,54,60,57,37228,39835,25816,15429,15932,13219,4243,901,,,,,
56:46.0,00:00.0,100,2,40,66,53,140064,15624,6398,11430,5006,3000,790,758,,,,,
56:47.0,00:00.0,100,2,44,74,59,74800,30046,22552,6603,12306,9795,8536,6841,,,,,
56:48.0,00:00.0,100,2,51,75,63,57951,25749,29093,4495,17988,13113,4728,1712,,,,,
56:49.0,00:00.0,100,2,53,83,68,150567,6611,30853,4984,9210,8260,5677,1934,,,,,
56:50.0,00:00.0,100,2,40,66,53,659065,149816,8875,8031,1370,3485,9337,1894,,,,,
56:51.0,00:00.0,100,2,43,53,48,80116,26529,2900,2126,4030,6866,6283,1028,,,,,
56:52.0,00:00.0,100,2,38,50,44,89077,11410,4288,2528,4190,2548,2500,954,,,,,
56:53.0,00:00.0,100,2,26,38,32,1549037,98149,37063,15159,19294,9405,7690,7551,,,,,
56:54.0,00:00.0,100,2,51,47,49,541904,33098,22172,10818,58696,20138,13611,4302,,,,,
56:55.0,00:00.0,100,2,54,48,51,32893,73535,12744,8861,31638,24895,11126,4721,,,,,
56:56.0,00:00.0,100,2,50,54,52,23293,67548,62615,2928,10909,12809,5360,3555,,,,,
56:57.0,00:00.0,100,2,77,50,63,16636,22181,8536,9148,14568,36165,6849,3591,,,,,
56:58.0,00:00.0,100,2,80,53,66,23303,31007,11979,16446,12156,22282,9024,3828,,,,,
56:59.0,00:00.0,100,2,60,50,55,683878,396258,37077,9850,20759,15620,13629,4102,,,,,
57:00.0,00:00.0,100,2,69,40,54,16547,48023,20398,3967,27154,19197,5468,12429,,,,,
57:01.0,00:00.0,100,2,61,48,54,23016,12805,18471,9976,9097,16264,8531,9386,,,,,
57:02.0,00:00.0,100,2,66,50,58,10452,3386,14785,4784,19218,13222,5812,1554,,,,,
57:03.0,00:00.0,100,2,83,69,76,41027,16859,32395,12172,13695,11154,7256,7323,,,,,
57:04.0,00:00.0,100,2,74,69,71,31724,89469,21339,8535,23119,14111,9175,2059,,,,,
57:05.0,00:00.0,100,2,56,67,61,224989,92499,34846,47523,27192,11875,8330,4883,,,,,
57:06.0,00:00.0,100,2,44,64,54,20878,41159,19710,7632,22226,11839,12683,6053,,,,,
57:07.0,00:00.0,100,2,53,54,53,115872,32392,6050,14644,10395,20524,9888,6442,,,,,
57:08.0,00:00.0,100,2,50,57,53,46438,183297,51697,23120,17970,24533,6917,5294,,,,,
57:09.0,00:00.0,100,2,54,63,58,142541,66177,43956,58007,7506,16662,8109,5312,,,,,
57:10.0,00:00.0,100,2,44,77,60,19112,24217,13842,88739,21434,7677,7083,3422,,,,,
57:11.0,00:00.0,100,2,38,77,57,52346,43486,17222,6820,14723,15421,3357,5217,,,,,
57:12.0,00:00.0,100,2,40,77,58,395780,87709,18866,21628,7435,13434,7691,13863,,,,,
57:13.0,00:00.0,100,2,43,60,51,211057,89011,9917,7119,19711,14387,13138,3291,,,,,
57:14.0,00:00.0,100,2,51,40,45,62176,165958,15339,31793,24601,29486,11449,2176,,,,,
57:15.0,00:00.0,100,2,56,41,48,36627,32517,8117,20134,16804,21981,11116,2718,,,,,
57:16.0,00:00.0,100,2,48,43,45,310378,149085,44493,24282,20189,10172,4173,3611,,,,,
57:17.0,00:00.0,100,2,44,50,47,15221,57853,5486,15059,14217,9864,3813,3300,,,,,
57:18.0,00:00.0,100,2,44,57,50,51944,42410,38351,12955,42083,11421,2674,3368,,,,,
57:19.0,00:00.0,100,2,44,57,50,6063,16065,5000,14693,22922,13227,2071,2224,,,,,
57:20.0,00:00.0,100,2,61,60,60,57900,13936,17090,2190,11045,8677,14344,2251,,,,,
57:21.0,00:00.0,100,2,61,57,59,68467,78867,15598,8265,10687,12330,9478,2147,,,,,
57:22.0,00:00.0,100,2,70,48,59,18877,34707,4338,10682,43927,17962,7208,1361,,,,,
57:23.0,00:00.0,100,2,66,53,59,284676,40368,25616,21457,17187,15914,16614,3850,,,,,
57:24.0,00:00.0,100,2,61,50,55,80282,64926,6844,25824,11509,13951,10438,1130,,,,,
57:25.0,00:00.0,100,2,61,64,62,55790,16850,10370,51820,16983,9314,5896,1612,,,,,
57:26.0,00:00.0,100,2,60,81,70,8186,21900,31464,64986,35026,40296,5971,2950,,,,,
57:27.0,00:00.0,100,2,53,84,68,25878,32001,23709,29161,15962,7581,7079,2511,,,,,
57:28.0,00:00.0,100,2,53,84,68,177359,70905,12365,27364,20230,17563,2769,4327,,,,,
57:29.0,00:00.0,100,2,54,83,68,110272,36315,55318,21642,4799,16172,5303,3649,,,,,
57:30.0,00:00.0,100,2,44,66,55,79143,31065,1151,3805,2515,3833,2259,641,,,,,
57:31.0,00:00.0,100,2,43,66,54,106976,18542,1730,20891,2184,3177,2624,914,,,,,
57:32.0,00:00.0,100,2,47,75,61,260705,43345,60079,5653,7264,25984,9756,3915,,,,,
57:33.0,00:00.0,100,2,50,53,51,16427,62737,5190,4995,5063,14647,5189,1802,,,,,
57:34.0,00:00.0,100,2,47,61,54,40356,90205,17779,29391,23538,10339,6096,1934,,,,,
57:35.0,00:00.0,100,2,48,61,54,43513,48565,12232,61971,22141,10607,6615,1557,,,,,
57:36.0,00:00.0,100,2,47,60,53,10698,19223,18094,9993,14669,8979,5755,2854,,,,,
57:37.0,00:00.0,100,2,44,77,60,29951,28733,12227,35428,11567,14719,5397,2596,,,,,
57:38.0,00:00.0,100,2,50,77,63,6880,126974,26443,32571,23616,21704,4026,3737,,,,,
57:39.0,00:00.0,100,2,54,75,64,61718,22309,16196,40523,23866,12873,9633,5495,,,,,
57:40.0,00:00.0,100,2,56,70,63,33286,47767,24899,9759,22684,18377,3823,3030,,,,,
57:41.0,00:00.0,100,2,47,63,55,28224,103097,29288,11397,14407,9467,1795,2475,,,,,
57:42.0,00:00.0,100,2,43,63,53,4937,63531,19789,21190,34548,8794,4532,1530,,,,,
57:43.0,00:00.0,100,2,41,60,50,2879,51429,35523,21499,24472,15116,8503,2661,,,,,
57:44.0,00:00.0,100,2,44,66,55,6937,9997,11755,17066,12205,10314,3905,2045,,,,,
57:45.0,00:00.0,100,2,50,75,62,20452,48683,46376,7079,8656,11468,3143,1607,,,,,
57:46.0,00:00.0,100,2,60,77,68,660479,71927,32646,27999,11299,34696,6329,2389,,,,,
57:47.0,00:00.0,100,2,61,66,63,181540,104895,23190,6711,18113,26432,8878,2088,,,,,
57:48.0,00:00.0,100,2,56,60,58,4822,31312,19723,2959,17968,8707,8758,3438,,,,,
57:49.0,00:00.0,100,2,70,48,59,48679,36642,5902,10466,22832,24973,10387,4244,,,,,
57:50.0,00:00.0,100,2,69,48,58,310937,38398,7262,27292,17822,15077,4366,2385,,,,,
57:51.0,00:00.0,100,2,74,51,62,127840,32808,2739,19564,23581,12426,6348,4305,,,,,
57:52.0,00:00.0,100,2,80,50,65,31732,22715,3705,8618,7014,11558,2963,8596,,,,,
57:53.0,00:00.0,100,2,63,54,58,24813,52755,16461,11332,19534,7278,4837,1537,,,,,
57:54.0,00:00.0,100,2,50,43,46,490331,312370,16438,33961,35931,20225,12985,2632,,,,,
57:55.0,00:00.0,100,2,48,48,48,44639,29624,13436,13787,12240,10716,4871,5466,,,,,
57:56.0,00:00.0,100,2,43,56,49,143469,6254,8249,5110,6945,3830,1736,604,,,,,
57:57.0,00:00.0,100,2,43,53,48,171060,184289,8435,45529,26507,25895,4812,9059,,,,,
57:58.0,00:00.0,100,2,57,69,63,538865,18599,41648,20754,32177,20356,4163,15241,,,,,
57:59.0,00:00.0,100,2,67,70,68,29614,10075,5689,12360,5001,12886,5425,3070,,,,,
58:00.0,00:00.0,100,2,67,60,63,601815,124510,33345,9049,28133,34159,5693,4708,,,,,
58:01.0,00:00.0,100,2,70,77,73,1142334,27878,47558,55790,23212,21192,11380,7421,,,,,
58:02.0,00:00.0,100,2,64,67,65,620260,95428,27662,23901,13900,16172,4306,5073,,,,,
58:03.0,00:00.0,100,2,53,66,59,929656,102890,36166,39318,23601,26287,16353,5538,,,,,
58:04.0,00:00.0,100,2,51,78,64,735691,15419,5317,16813,3676,6765,2584,914,,,,,
58:05.0,00:00.0,100,2,47,63,55,249260,117029,5574,38761,29939,13690,8321,8553,,,,,
58:06.0,00:00.0,100,2,51,66,58,36820,26387,11576,16693,9992,12158,6383,3799,,,,,
58:07.0,00:00.0,100,2,56,69,62,116886,12728,9150,15866,17099,9788,8189,4524,,,,,
58:08.0,00:00.0,100,2,75,61,68,30645,6251,4312,10070,14853,20861,2825,1479,,,,,
58:09.0,00:00.0,100,2,93,54,73,8153,25980,3104,3931,10778,21247,6797,3810,,,,,
58:10.0,00:00.0,100,2,97,56,76,4522,22015,17113,14645,7918,19067,8255,2964,,,,,
58:11.0,00:00.0,100,2,100,53,76,102736,58893,45730,23578,16962,63888,22156,4081,,,,,
58:12.0,00:00.0,100,2,83,63,73,1109757,68030,110817,18573,26868,22591,24911,17702,,,,,
58:13.0,00:00.0,100,2,78,70,74,651438,134055,48468,9879,21247,57615,8772,4637,,,,,
58:14.0,00:00.0,100,2,63,57,60,957267,63026,1367,9997,3092,6745,4310,1431,,,,,
58:15.0,00:00.0,100,2,66,57,61,25230,9844,7590,10064,10528,17369,7367,10993,,,,,
58:16.0,00:00.0,100,2,78,43,60,18216,40548,12252,2472,16543,20497,12584,3653,,,,,
58:17.0,00:00.0,100,2,81,56,68,14312,15116,66094,11357,9158,35597,5505,7057,,,,,
58:18.0,00:00.0,100,2,100,54,77,4875,36277,3341,8352,14438,27332,8369,3245,,,,,
58:19.0,00:00.0,100,2,97,56,76,1003,7651,18889,19257,35565,25554,4668,2440,,,,,
58:20.0,00:00.0,100,2,87,66,76,681202,75935,34570,52392,30321,17589,28215,7130,,,,,
58:21.0,00:00.0,100,2,66,57,61,1430843,267567,80749,52228,18763,21463,21165,13826,,,,,
58:22.0,00:00.0,100,2,53,63,58,1056695,75988,33195,6892,36140,20686,13596,4940,,,,,
58:23.0,00:00.0,100,2,23,57,40,226863,54868,12853,2846,2902,1676,4933,5656,,,,,
58:24.0,00:00.0,100,2,23,43,33,121233,36401,1568,4521,3633,4834,3477,1378,,,,,
58:25.0,00:00.0,100,2,21,37,29,946509,97945,10601,12443,10666,6057,5746,6362,,,,,
58:26.0,00:00.0,100,2,26,35,30,526311,23675,2450,5076,7164,8487,4770,2578,,,,,
58:27.0,00:00.0,100,2,57,41,49,355230,24327,41813,16322,24982,49385,6411,14401,,,,,
58:28.0,00:00.0,100,2,64,44,54,500585,41382,11374,4039,27759,12144,14420,5101,,,,,
58:29.0,00:00.0,100,2,81,53,67,24593,7713,18740,9739,28393,10155,5892,3656,,,,,
58:30.0,00:00.0,100,2,83,66,74,20069,36758,37121,41415,15131,41650,17051,4571,,,,,
58:31.0,00:00.0,100,2,67,66,66,219724,57335,35973,24097,19080,15097,13374,9802,,,,,
58:32.0,00:00.0,100,2,70,77,73,152910,77856,108723,65221,71614,80884,24499,10021,,,,,
58:33.0,00:00.0,100,2,66,75,70,44932,37029,23432,18711,25641,14312,12350,2867,,,,,
58:34.0,00:00.0,100,2,64,70,67,47779,23962,15641,15635,21537,15236,5956,2683,,,,,
58:35.0,00:00.0,100,2,67,64,65,253004,75421,14677,27321,27708,22210,5547,4725,,,,,
58:36.0,00:00.0,100,2,69,56,62,261812,19720,8294,3351,8499,12009,866,1921,,,,,
58:37.0,00:00.0,100,2,81,54,67,9266,1479,2335,12734,22663,9479,8754,2338,,,,,
58:38.0,00:00.0,100,2,75,63,69,43880,36932,52200,20041,5913,15621,9273,2534,,,,,
58:39.0,00:00.0,100,2,69,66,67,184831,29714,6708,15773,6599,4694,8998,1055,,,,,
58:40.0,00:00.0,100,2,63,75,69,37162,33287,28850,30266,33890,16811,3842,3200,,,,,
58:41.0,00:00.0,100,2,48,61,54,443270,198528,8028,17073,27675,24943,22203,10315,,,,,
58:42.0,00:00.0,100,2,43,48,45,650445,76991,17218,16607,18939,11566,11311,3295,,,,,
58:43.0,00:00.0,100,2,53,51,52,79286,7822,2055,6651,1878,4481,1420,1379,,,,,
58:44.0,00:00.0,100,2,61,41,51,16691,24871,1145,13723,19635,15907,13982,2921,,,,,
58:45.0,00:00.0,100,2,75,48,61,6766,22192,4129,5219,12714,15271,17086,10669,,,,,
58:46.0,00:00.0,100,2,88,56,72,18355,20884,9261,40653,8388,26429,4160,5132,,,,,
58:47.0,00:00.0,100,2,88,56,72,77599,8376,4282,6192,4324,5525,2975,1051,,,,,
58:48.0,00:00.0,100,2,93,61,77,21442,13803,30560,10139,28091,32781,6772,1943,,,,,
58:49.0,00:00.0,100,2,88,66,77,18987,30057,19408,8586,41335,17084,9108,5685,,,,,
58:50.0,00:00.0,100,2,87,61,74,4975,33328,15689,20544,10550,23726,6224,3583,,,,,
58:51.0,00:00.0,100,2,90,63,76,25840,25997,4937,33574,8450,23601,7589,8725,,,,,
58:52.0,00:00.0,100,2,74,70,72,54041,29617,23514,50007,13577,13170,5518,2301,,,,,
58:53.0,00:00.0,100,2,67,75,71,14493,49994,42500,5623,26450,18072,8625,4286,,,,,
58:54.0,00:00.0,100,2,60,77,68,126448,43007,28114,15660,17732,10743,4135,3412,,,,,
58:55.0,00:00.0,100,2,57,81,69,15506,7642,19072,34930,20010,19692,6301,4407,,,,,
58:56.0,00:00.0,100,2,66,69,67,119004,13197,2426,4605,3065,6093,1965,1841,,,,,
58:57.0,00:00.0,100,2,77,69,73,19091,19018,16330,19204,23878,28032,11685,2986,,,,,
58:58.0,00:00.0,100,2,88,70,79,3463,10734,16632,16866,18819,17405,6773,2733,,,,,
58:59.0,00:00.0,100,2,94,64,79,90239,17305,21087,25711,24084,35718,4159,958,,,,,
59:00.0,00:00.0,100,2,80,54,67,63020,117456,9390,5872,7262,9791,8917,8148,,,,,
59:01.0,00:00.0,100,2,75,56,65,68441,49305,28284,21623,5470,32452,8911,4572,,,,,
59:02.0,00:00.0,100,2,60,43,51,157887,81215,8225,10212,18853,9329,6125,3141,,,,,
59:03.0,00:00.0,100,2,63,34,48,60270,22906,4990,5576,6033,26819,18267,4403,,,,,
59:04.0,00:00.0,100,2,75,43,59,34094,46628,7563,18117,26739,14062,6447,4597,,,,,
59:05.0,00:00.0,100,2,75,40,57,19011,19985,22799,21004,60879,24215,3165,4231,,,,,
59:06.0,00:00.0,100,2,75,50,62,1259649,64952,19786,27632,22773,10534,3669,1744,,,,,
59:07.0,00:00.0,100,2,63,56,59,53027,56952,6437,29274,5449,20482,6273,1957,,,,,
59:08.0,00:00.0,100,2,56,53,54,32934,50650,7381,10978,16176,7455,2619,3689,,,,,
59:09.0,00:00.0,100,2,54,56,55,23723,16328,5212,18080,14769,11210,4231,1611,,,,,
59:10.0,00:00.0,100,2,51,51,51,725004,201408,68401,5005,20139,21618,7805,4291,,,,,
59:11.0,00:00.0,100,2,44,54,49,144228,111828,86922,23143,40512,27110,8282,12128,,,,,
59:12.0,00:00.0,100,2,47,57,52,144024,60954,11856,15864,14827,9768,7392,5259,,,,,
59:13.0,00:00.0,100,2,43,60,51,26998,54024,48535,20151,28662,26537,6347,5258,,,,,
59:14.0,00:00.0,100,2,43,60,51,251499,203040,54658,18969,23715,22441,12296,5440,,,,,
59:15.0,00:00.0,100,2,56,54,55,1635372,33931,12103,22738,29770,30593,4756,3966,,,,,
59:16.0,00:00.0,100,2,67,57,62,35251,19245,23478,12098,30032,19516,5581,1751,,,,,
59:17.0,00:00.0,100,2,63,61,62,36898,55278,37272,59062,28456,20532,13757,5284,,,,,
59:18.0,00:00.0,100,2,77,67,72,7237,19772,19285,11584,22813,13877,11821,2027,,,,,
59:19.0,00:00.0,100,2,70,63,66,114923,11465,918,4172,4653,4870,436,741,,,,,
59:20.0,00:00.0,100,2,75,67,71,85674,8049,11900,3482,2480,10453,1256,250,,,,,
59:21.0,00:00.0,100,2,75,67,71,166089,36720,22442,30070,5400,11388,3648,1982,,,,,
59:22.0,00:00.0,100,2,74,64,69,4668,33536,12311,16473,16629,16243,6099,1353,,,,,
59:23.0,00:00.0,100,2,69,83,76,244877,32085,126850,1975,13747,28666,2787,1919,,,,,
59:24.0,00:00.0,100,2,61,75,68,52445,53674,18158,5124,11510,14740,5005,1486,,,,,
59:25.0,00:00.0,100,2,61,70,65,21123,35302,19579,23054,16272,11877,6101,1682,,,,,
59:26.0,00:00.0,100,2,57,77,67,14894,34156,13061,30868,6484,12848,2929,2212,,,,,
59:27.0,00:00.0,100,2,63,67,65,22275,15037,9896,24245,23044,16159,6200,2280,,,,,
59:28.0,00:00.0,100,2,60,60,60,268576,111725,13635,11133,61140,17133,12970,4381,,,,,
59:29.0,00:00.0,100,2,47,48,47,865946,109622,8460,9910,6055,5892,3310,3499,,,,,
59:30.0,00:00.0,100,2,34,40,37,402359,87203,26939,6490,8002,5869,2929,3118,,,,,
59:31.0,00:00.0,100,2,24,40,32,1124725,140791,105000,20725,19496,40331,20728,5837,,,,,
59:32.0,00:00.0,100,2,34,44,39,57951,61667,2546,17835,7530,23290,24809,6018,,,,,
59:33.0,00:00.0,100,2,57,56,56,17653,20398,18794,15426,19060,26009,23180,8566,,,,,
59:34.0,00:00.0,100,2,75,54,64,664626,60292,24623,4066,25628,19482,7451,6761,,,,,
59:35.0,00:00.0,100,2,80,53,66,88738,47984,29701,13118,14071,22419,13515,4416,,,,,
59:36.0,00:00.0,100,2,90,53,71,87364,5993,2676,1875,5473,8065,1858,461,,,,,
59:37.0,00:00.0,100,2,69,48,58,12857,77702,26760,4255,21569,7153,13092,3474,,,,,
59:38.0,00:00.0,100,2,66,54,60,97790,14687,10096,1524,3351,4196,1598,1068,,,,,
59:39.0,00:00.0,100,2,53,50,51,63716,87527,12657,24532,21438,8307,4598,4703,,,,,
59:40.0,00:00.0,100,2,44,51,47,248098,78778,15449,24840,19216,41796,6512,5137,,,,,
59:41.0,00:00.0,100,2,63,50,56,645154,89922,35119,3404,10813,45513,12881,10044,,,,,
59:42.0,00:00.0,100,2,61,37,49,250763,244781,13331,23150,21240,37394,14073,10459,,,,,
59:43.0,00:00.0,100,2,61,43,52,788100,44445,24768,19057,4604,6198,3743,4007,,,,,
59:44.0,00:00.0,100,2,51,41,46,88821,27566,5426,2242,2142,4147,3628,2499,,,,,
59:45.0,00:00.0,100,2,48,30,39,509545,91880,881,9409,3599,25122,16118,19972,,,,,
59:46.0,00:00.0,100,2,56,48,52,104981,16841,6035,35668,14790,22439,19368,6088,,,,,
59:47.0,00:00.0,100,2,63,35,49,1055517,123772,17993,10638,21387,21443,9985,11457,,,,,
59:48.0,00:00.0,100,2,74,43,58,46111,20009,9831,27741,29508,16625,18220,2804,,,,,
59:49.0,00:00.0,100,2,69,61,65,29586,36347,20764,25238,15863,15392,7372,2238,,,,,
59:50.0,00:00.0,100,2,75,44,59,412801,71351,9504,16801,55371,54641,3744,4925,,,,,
59:51.0,00:00.0,100,2,96,47,71,126554,15744,13125,15968,12409,127929,5536,8019,,,,,
59:52.0,00:00.0,100,2,88,41,64,44653,42844,14858,9975,13541,17398,18064,4890,,,,,
59:53.0,00:00.0,100,2,91,43,67,8748,9378,12107,12680,8838,15467,7657,2992,,,,,
59:54.0,00:00.0,100,2,77,53,65,65864,19890,13286,1210,4084,9305,3038,1502,,,,,
59:55.0,00:00.0,100,2,69,51,60,30625,10253,4093,3867,17606,22665,10405,7431,,,,,
59:56.0,00:00.0,100,2,63,53,58,57151,71745,20050,20641,8628,10974,9717,3911,,,,,
59:57.0,00:00.0,100,1,41,34,37,982080,480198,22889,15102,20587,17151,12551,3178,,,,,
59:58.0,00:00.0,100,1,29,30,29,91036,117502,30694,16942,19326,11593,9887,6565,,,,,
59:59.0,00:00.0,100,1,14,35,24,24483,63591,12081,16490,23269,19525,7579,5292,,,,,
00:00.0,00:00.0,100,1,20,23,21,13313,85448,1297,11104,16153,16457,5851,3007,,,,,
00:01.0,00:00.0,100,1,30,41,35,67425,93848,38531,36486,14452,21642,6665,4449,,,,,
00:02.0,00:00.0,100,1,41,44,42,49659,34514,13579,20873,26711,17680,10038,3962,,,,,
00:03.0,00:00.0,100,1,48,54,51,20368,8526,41935,9147,27706,26729,7099,1496,,,,,
00:04.0,00:00.0,100,1,50,57,53,1207910,68909,12506,9840,36034,24422,12135,2450,,,,,
00:05.0,00:00.0,100,1,50,57,53,58347,32030,16689,8614,7640,7091,11242,2752,,,,,
00:06.0,00:00.0,100,1,44,54,49,2099492,127055,9846,40345,24714,21917,12997,7714,,,,,
00:07.0,00:00.0,100,1,38,56,47,169946,68561,30351,80734,3715,32964,16987,2467,,,,,
00:08.0,00:00.0,100,1,37,64,50,62667,38507,21588,6110,17354,13897,7337,2315,,,,,
00:09.0,00:00.0,100,1,38,67,52,139786,65231,62253,21522,14910,23016,5733,912,,,,,
00:10.0,00:00.0,100,1,35,74,54,3811,123834,48861,17332,6209,16177,14650,5543,,,,,
00:11.0,00:00.0,100,1,30,63,46,441138,55637,12344,17067,7809,12940,12192,3967,,,,,
00:12.0,00:00.0,100,1,17,74,45,86703,53203,42548,38907,16353,5223,8989,3448,,,,,
00:13.0,00:00.0,100,1,20,64,42,86072,23584,4148,20286,28338,8974,9859,5537,,,,,
00:14.0,00:00.0,100,1,29,61,45,40826,73893,25360,16795,22129,30824,8814,2723,,,,,
00:15.0,00:00.0,100,1,35,54,44,32061,67175,16595,8005,33270,24634,7847,3953,,,,,
00:16.0,00:00.0,100,1,47,43,45,13329,72911,13236,13943,12055,14791,5972,1972,,,,,
00:17.0,00:00.0,100,1,41,54,47,21389,31631,67597,19166,15759,13570,11892,4758,,,,,
00:18.0,00:00.0,100,1,37,63,50,19761,57092,62215,4545,15521,20080,10177,6447,,,,,
00:19.0,00:00.0,100,1,26,74,50,79167,87255,34940,28299,6999,11467,4106,5925,,,,,
00:20.0,00:00.0,100,1,34,80,57,48035,22330,14644,10573,9437,16328,3501,3812,,,,,
00:21.0,00:00.0,100,1,41,70,55,35137,39951,7567,48682,28403,26653,9344,2106,,,,,
00:22.0,00:00.0,100,1,44,75,59,3104,44034,56260,30427,17077,27345,9184,3280,,,,,
00:23.0,00:00.0,100,1,53,78,65,26992,17142,29712,6786,7888,11900,7395,1925,,,,,
00:24.0,00:00.0,100,1,47,80,63,345314,101494,51520,52916,28891,31127,4655,2087,,,,,
00:25.0,00:00.0,100,1,40,81,60,100899,35180,25569,18347,12971,9811,6540,3890,,,,,
00:26.0,00:00.0,100,1,35,74,54,79152,41569,14346,12108,5998,10126,3974,3591,,,,,
00:27.0,00:00.0,100,1,34,64,49,361807,75277,16046,17166,5657,19438,8740,3988,,,,,
00:28.0,00:00.0,100,1,29,63,46,399330,82800,41575,19063,6522,14951,6770,4660,,,,,
00:29.0,00:00.0,100,1,27,69,48,51900,8514,7705,12310,1557,2498,1901,487,,,,,
00:30.0,00:00.0,100,1,34,67,50,37442,33156,1649,20521,24937,13974,7813,5237,,,,,
00:31.0,00:00.0,100,1,29,67,48,469941,94105,27146,26651,17442,19723,9384,3652,,,,,
00:32.0,00:00.0,100,1,29,75,52,65034,27535,21783,37132,16269,8391,12478,4990,,,,,
00:33.0,00:00.0,100,1,23,51,37,227073,79471,9936,1238,5699,3967,2062,704,,,,,
00:34.0,00:00.0,100,1,14,54,34,111480,104716,38788,22397,19375,13590,13003,2233,,,,,
00:35.0,00:00.0,100,1,20,53,36,18492,47536,8788,18142,32560,15885,15328,3014,,,,,
00:36.0,00:00.0,100,1,30,38,34,11520,51704,12343,11045,10338,32223,18260,5871,,,,,
00:37.0,00:00.0,100,1,41,57,49,3353,59113,3835,126232,29702,27648,4299,7151,,,,,
00:38.0,00:00.0,100,1,54,63,58,14576,12787,13423,14670,7432,17271,3653,4725,,,,,
00:39.0,00:00.0,100,1,61,70,65,44198,13596,24944,2955,11059,17908,4101,2478,,,,,
00:40.0,00:00.0,100,1,60,74,67,1727,20966,3735,19766,31398,15467,3102,5136,,,,,
00:41.0,00:00.0,100,1,64,70,67,101220,8347,13648,10702,8147,8422,847,557,,,,,
00:42.0,00:00.0,100,1,61,54,57,12171,77312,5494,9026,33984,26812,4280,6129,,,,,
00:43.0,00:00.0,100,1,53,56,54,29768,44742,43713,21236,19280,18144,10515,4546,,,,,
00:44.0,00:00.0,100,1,44,61,52,33081,48205,30069,13080,5837,11817,11722,6350,,,,,
00:45.0,00:00.0,100,1,50,53,51,5783,15735,1345,22657,23680,19061,11078,13227,,,,,
00:46.0,00:00.0,100,1,41,54,47,120326,57527,4823,7225,20363,7907,11659,8014,,,,,
00:47.0,00:00.0,100,1,44,53,48,134861,9971,7691,2750,1617,5557,4696,1070,,,,,
00:48.0,00:00.0,100,1,54,48,51,61368,30137,13462,9318,21086,18654,23056,6653,,,,,
00:49.0,00:00.0,100,1,48,43,45,745249,69833,24905,9300,44188,24547,12999,3139,,,,,
00:50.0,00:00.0,100,1,47,37,42,1468236,445175,13527,20457,47872,45334,25471,16511,,,,,
00:51.0,00:00.0,100,1,43,34,38,912324,33996,11984,9045,7392,8228,6190,4578,,,,,
00:52.0,00:00.0,100,1,37,34,35,440225,145318,22242,39156,26448,31457,23115,4156,,,,,
00:53.0,00:00.0,100,1,38,37,37,41220,52340,3743,33832,21849,26732,12457,11401,,,,,
00:54.0,00:00.0,100,1,50,57,53,36576,30311,26045,21182,16209,26872,13968,5486,,,,,
00:55.0,00:00.0,100,1,50,56,53,16898,40783,15548,9339,14060,14003,22165,3247,,,,,
00:56.0,00:00.0,100,1,53,67,60,17756,12614,34629,3790,8046,11565,12922,4694,,,,,
00:57.0,00:00.0,100,1,47,69,58,15917,59216,24439,18978,22314,14923,11377,2802,,,,,
00:58.0,00:00.0,100,1,48,69,58,9678,34791,21722,29322,12198,31869,13044,6043,,,,,
00:59.0,00:00.0,100,1,50,77,63,6016,16196,11630,27072,25088,12981,3631,4499,,,,,
01:00.0,00:00.0,100,1,50,61,55,108306,80231,18605,11129,18934,25167,10929,2890,,,,,
01:01.0,00:00.0,100,1,50,50,50,1381641,854205,14258,107075,60124,133538,105339,14151,,,,,
01:02.0,00:00.0,100,1,37,24,30,667738,109531,2960,3563,21118,10107,6926,11765,,,,,
01:03.0,00:00.0,100,1,34,23,28,32081,40101,36524,12567,25464,12121,2116,3843,,,,,
01:04.0,00:00.0,100,1,24,27,25,73853,48692,15956,16097,16121,6690,4154,834,,,,,
01:05.0,00:00.0,100,1,29,43,36,35103,52813,28417,24049,12066,26472,8476,2391,,,,,
01:06.0,00:00.0,100,1,41,60,50,512500,84685,23256,24363,50913,38706,16292,3120,,,,,
01:07.0,00:00.0,100,1,40,57,48,51937,30426,10274,10870,4988,6049,4347,1475,,,,,
01:08.0,00:00.0,100,1,50,48,49,58788,46920,2717,9492,9258,19891,7130,3201,,,,,
01:09.0,00:00.0,100,1,51,48,49,8518,21035,7503,16645,14558,13154,5585,1310,,,,,
01:10.0,00:00.0,100,1,50,53,51,22798,38531,26594,10461,16494,19979,9429,1945,,,,,
01:11.0,00:00.0,100,1,47,48,47,5952,51595,5851,15148,10984,5555,6441,661,,,,,
01:12.0,00:00.0,100,1,37,56,46,304003,149571,52521,14489,18678,23875,8744,1001,,,,,
01:13.0,00:00.0,100,1,53,50,51,14478,9023,9304,3367,9740,35829,5834,2526,,,,,
01:14.0,00:00.0,100,1,57,50,53,17541,22115,11798,14259,9042,21059,4930,2329,,,,,
01:15.0,00:00.0,100,1,70,47,58,8067,51894,10613,8764,25648,26371,9349,1414,,,,,
01:16.0,00:00.0,100,1,74,44,59,208626,105169,14645,35916,6793,20721,4802,2308,,,,,
01:17.0,00:00.0,100,1,50,50,50,169256,80109,27733,13831,18531,11490,3997,2572,,,,,
01:18.0,00:00.0,100,1,43,48,45,40177,65307,28968,9764,4789,21806,10972,2149,,,,,
01:19.0,00:00.0,100,1,44,61,52,30614,10064,20860,8814,6146,17748,4635,1534,,,,,
01:20.0,00:00.0,100,1,60,63,61,16120,7098,4620,9176,9085,14843,6411,2069,,,,,
01:21.0,00:00.0,100,1,64,74,69,50756,14800,11458,23924,9301,8212,2807,1282,,,,,
01:22.0,00:00.0,100,1,63,70,66,14703,38007,9037,18636,13914,13767,5779,1062,,,,,
01:23.0,00:00.0,100,1,51,70,60,19443,44021,23153,25326,3787,10526,9265,2140,,,,,
01:24.0,00:00.0,100,1,50,75,62,52039,3173,5251,3236,3702,6720,3189,340,,,,,
01:25.0,00:00.0,100,1,44,57,50,35187,24578,4513,834,1919,2670,1584,541,,,,,
01:26.0,00:00.0,100,1,50,64,57,37999,42157,18239,42913,3841,33797,3244,2324,,,,,
01:27.0,00:00.0,100,1,51,60,55,17393,49961,20175,10316,11451,10486,6956,3141,,,,,
01:28.0,00:00.0,100,1,44,60,52,28066,24158,29802,23262,19659,23943,9950,1159,,,,,
01:29.0,00:00.0,100,1,50,60,55,76829,66719,11542,4603,11505,12633,3905,931,,,,,
01:30.0,00:00.0,100,1,44,63,53,45067,11471,18532,16479,10497,10741,7246,1393,,,,,
01:31.0,00:00.0,100,1,54,63,58,19377,29229,17400,16988,32217,25988,3718,1353,,,,,
01:32.0,00:00.0,100,1,48,67,57,15217,29191,34240,19179,5347,12895,4476,1621,,,,,
01:33.0,00:00.0,100,1,41,69,55,221724,200371,25461,26300,9415,18567,5137,2348,,,,,
01:34.0,00:00.0,100,1,48,61,54,253246,13025,12284,3067,8536,14036,3354,4152,,,,,
01:35.0,00:00.0,100,1,44,60,52,30324,49389,19423,8230,14378,17284,9207,2506,,,,,
01:36.0,00:00.0,100,1,48,54,51,269324,11786,6821,8052,6000,5870,4050,1518,,,,,
01:37.0,00:00.0,100,1,44,60,52,96197,131512,31856,36429,35613,11346,5124,2280,,,,,
01:38.0,00:00.0,100,1,30,60,45,113992,99384,29625,31240,23824,16176,12631,4604,,,,,
01:39.0,00:00.0,100,1,27,63,45,121216,13528,6636,5138,6533,3637,2268,1673,,,,,
01:40.0,00:00.0,100,1,23,63,43,42598,71563,23784,35779,8167,15879,4505,3240,,,,,
01:41.0,00:00.0,100,1,27,61,44,70099,120574,47005,10673,10594,18930,6524,3506,,,,,
01:42.0,00:00.0,100,1,29,75,52,336087,26500,50466,28550,5084,13260,5434,2485,,,,,
01:43.0,00:00.0,100,1,34,69,51,5602,54367,9691,13161,6143,15973,8165,3236,,,,,
01:44.0,00:00.0,100,1,29,64,46,125677,142769,41686,38724,18991,15245,6190,3616,,,,,
01:45.0,00:00.0,100,1,23,67,45,26766,104409,57099,7946,12938,8933,1993,2536,,,,,
01:46.0,00:00.0,100,1,23,48,35,15580,79675,10170,13208,10276,12319,7282,1821,,,,,
01:47.0,00:00.0,100,1,17,66,41,40279,7974,91417,12105,30107,14163,4920,2421,,,,,
01:48.0,00:00.0,100,1,23,67,45,387166,59898,48354,8812,24591,13938,5871,1726,,,,,
01:49.0,00:00.0,100,1,29,64,46,164322,48228,19131,9257,17577,9159,7082,2177,,,,,
01:50.0,00:00.0,100,1,29,75,52,101708,12219,10327,3928,3350,3786,1171,294,,,,,
01:51.0,00:00.0,100,1,27,50,38,29946,184857,14204,15914,26757,19171,6629,2562,,,,,
01:52.0,00:00.0,100,1,35,40,37,44414,63586,17812,7542,30412,21093,7929,4381,,,,,
01:53.0,00:00.0,100,1,44,48,46,14630,21547,59355,6157,33540,27699,3753,1326,,,,,
01:54.0,00:00.0,100,1,43,35,39,182355,86341,6711,12295,15604,12298,5187,2241,,,,,
01:55.0,00:00.0,100,1,51,40,45,118530,49528,10551,5266,9585,13660,13970,3668,,,,,
01:56.0,00:00.0,100,1,48,43,45,18303,77515,6043,25310,17980,15782,8683,4381,,,,,
01:57.0,00:00.0,100,1,41,34,37,7266,125230,31917,6361,20513,25273,11232,2171,,,,,
01:58.0,00:00.0,100,1,34,38,36,105553,137506,24075,23254,3733,9525,2765,3790,,,,,
01:59.0,00:00.0,100,1,41,34,37,739138,183012,36158,12304,25920,113491,52933,17215,,,,,
02:00.0,00:00.0,100,1,41,40,40,14923,18084,17395,6515,14764,6475,3179,2833,,,,,
02:01.0,00:00.0,100,1,35,40,37,357684,312979,84152,13390,24461,32948,6053,5101,,,,,
02:02.0,00:00.0,100,1,44,43,43,86074,80727,30615,20716,17841,23156,5757,4950,,,,,
02:03.0,00:00.0,100,1,47,53,50,88351,30398,22977,10423,19009,33190,6118,5997,,,,,
02:04.0,00:00.0,100,1,50,48,49,181237,79264,8109,32223,20372,22959,10547,2211,,,,,
02:05.0,00:00.0,100,1,56,57,56,148749,28943,26821,8078,7581,12055,7102,2426,,,,,
02:06.0,00:00.0,100,1,61,56,58,37164,22835,19167,8870,35087,14672,5868,2275,,,,,
02:07.0,00:00.0,100,1,40,60,50,54805,24183,10229,9042,5941,2081,1475,808,,,,,
02:08.0,00:00.0,100,1,34,66,50,18596,41847,8298,35183,15110,7372,9162,1863,,,,,
02:09.0,00:00.0,100,1,29,56,42,16440,74764,12452,15379,16131,11774,8503,1171,,,,,
02:10.0,00:00.0,100,1,27,64,45,44675,20743,28808,19403,14981,17049,5719,5833,,,,,
02:11.0,00:00.0,100,1,44,61,52,70210,23039,5214,12234,11770,13630,3772,3358,,,,,
02:12.0,00:00.0,100,1,54,51,52,12816,21243,3965,5303,12622,8700,8533,801,,,,,
02:13.0,00:00.0,100,1,60,56,58,30275,49168,18919,18360,17620,15190,8155,1085,,,,,
02:14.0,00:00.0,100,1,63,56,59,6975,8561,15518,21017,4972,20196,1684,2926,,,,,
02:15.0,00:00.0,100,1,67,64,65,55482,6176,20186,17603,14269,25545,2764,1668,,,,,
02:16.0,00:00.0,100,1,60,81,70,18182,23134,13995,44047,8207,8241,2771,1381,,,,,
02:17.0,00:00.0,100,1,63,84,73,49066,26919,4597,33816,22562,16537,8929,3253,,,,,
02:18.0,00:00.0,100,1,60,80,70,23835,24171,21291,5857,10717,12850,17754,3121,,,,,
02:19.0,00:00.0,100,1,48,83,65,7033,19718,37806,14228,11490,12909,5134,2762,,,,,
02:20.0,00:00.0,100,1,53,74,63,93017,37974,20836,5957,4899,12718,5140,1442,,,,,
02:21.0,00:00.0,100,1,47,78,62,57781,20603,20041,22138,20929,7866,5573,4493,,,,,
02:22.0,00:00.0,100,1,47,66,56,80370,29812,4507,4129,9785,10723,1662,1602,,,,,
02:23.0,00:00.0,100,1,60,53,56,17121,15985,9395,4707,9324,21502,23421,5064,,,,,
02:24.0,00:00.0,100,1,66,50,58,7720,19827,5240,12912,13984,17503,3948,10599,,,,,
02:25.0,00:00.0,100,1,74,50,62,4180,19802,35383,18050,18938,20057,8003,4458,,,,,
02:26.0,00:00.0,100,1,69,61,65,10976,54042,20706,40472,32477,21165,3970,1679,,,,,
02:27.0,00:00.0,100,1,51,66,58,26745,67178,8270,37585,21692,9397,6363,1522,,,,,
02:28.0,00:00.0,100,1,44,74,59,56827,23485,21864,23532,23038,13464,2700,1841,,,,,
02:29.0,00:00.0,100,1,44,63,53,14890,60189,11687,15038,13239,24485,6641,2216,,,,,
02:30.0,00:00.0,100,1,48,64,56,49703,23686,45398,5579,22264,22770,3989,4912,,,,,
02:31.0,00:00.0,100,1,60,56,58,28588,70027,16889,7808,18691,30460,4157,3943,,,,,
02:32.0,00:00.0,100,1,47,43,45,21607,184623,15540,19181,10642,8889,6853,1292,,,,,
02:33.0,00:00.0,100,1,43,51,47,96600,27184,20867,15294,5372,12896,4111,1987,,,,,
02:34.0,00:00.0,100,1,40,61,50,58908,13136,25230,41256,9298,16040,14026,1312,,,,,
02:35.0,00:00.0,100,1,38,66,52,28976,98297,48742,12387,16613,42008,10501,1518,,,,,
02:36.0,00:00.0,100,1,54,63,58,30710,59133,5690,7621,26560,17881,9452,3300,,,,,
02:37.0,00:00.0,100,1,56,69,62,58529,20976,53314,8938,6934,20449,5136,2350,,,,,
02:38.0,00:00.0,100,1,56,56,56,12330,37966,8259,20767,7663,15951,9671,2699,,,,,
02:39.0,00:00.0,100,1,60,57,58,7505,11339,3072,14097,15511,11337,7112,3542,,,,,
02:40.0,00:00.0,100,1,60,70,65,12028,21578,20864,7796,19288,11632,4604,1533,,,,,
02:41.0,00:00.0,100,1,56,69,62,8093,28221,43747,24852,16157,13382,6092,2849,,,,,
02:42.0,00:00.0,100,1,48,67,57,81050,18366,5305,3837,3238,2412,1019,263,,,,,
02:43.0,00:00.0,100,1,38,75,56,19859,31067,23631,32399,20512,13127,7931,2147,,,,,
02:44.0,00:00.0,100,1,34,80,57,6676,10767,30606,20845,30924,8532,2294,2936,,,,,
02:45.0,00:00.0,100,1,34,70,52,219515,25389,9502,9829,6731,6304,5697,2310,,,,,
02:46.0,00:00.0,100,1,37,74,55,79588,98940,47387,10223,14787,17397,8636,6838,,,,,
02:47.0,00:00.0,100,1,30,64,47,76052,21840,1074,9391,4559,3210,2007,2057,,,,,
02:48.0,00:00.0,100,1,24,64,44,1247722,99140,100306,33179,21679,13755,32400,10221,,,,,
02:49.0,00:00.0,100,1,27,57,42,103796,20096,5017,1849,2016,6437,2518,1387,,,,,
02:50.0,00:00.0,100,1,26,63,44,467136,142234,110977,42851,35484,28955,35561,15339,,,,,
