Time','VidTime','Signal Level','Blink','Attention','Meditation','Zone','Delta','Theta','Low Alpha','High Alpha','Low Beta','High Beta','Low Gamma','Mid Gamma',,
44:50.0,00:00.0,74,2,63,41,52,866416,90270,86863,99513,26239,8016,6515,4923,,54091.79902
44:51.0,00:00.0,100,2,69,50,59,729285,29639,13392,9638,13421,7510,895,516,,47877.23529
44:52.0,00:00.0,74,2,69,50,59,1123799,83216,16760,43473,86887,28456,5901,1526,,23381.51103
44:53.0,00:00.0,87,2,69,50,59,739681,102018,59129,26724,29998,17824,7139,532,,13891.89828
44:54.0,00:00.0,61,2,69,50,59,821741,8149,1593,181,320,3240,2193,1283,,
44:55.0,00:00.0,74,2,69,50,59,1983721,22509,10292,10142,29073,28534,7033,1152,,
44:56.0,00:00.0,87,2,69,50,59,965636,178878,62990,27384,34544,4602,2213,449,,
44:57.0,00:00.0,87,2,69,50,59,1949305,59056,4437,4285,4602,5698,2543,1085,,
44:58.0,00:00.0,87,2,69,50,59,196899,7321,2512,2213,1710,803,153,118,,
44:59.0,00:00.0,100,2,66,60,63,148922,74343,56405,40327,41989,16693,10859,1757,,
45:00.0,00:00.0,100,1,63,48,55,1075239,67481,3894,7818,8337,8290,2177,1871,,
45:01.0,00:00.0,87,5,63,48,55,863233,51145,18936,9536,9380,6932,2553,967,,
45:02.0,00:00.0,87,5,63,48,55,6921,4800,2125,1250,437,250,198,57,,
45:03.0,00:00.0,74,5,63,48,55,714787,56221,17909,6077,6701,3616,829,1326,,
45:04.0,00:00.0,100,5,51,51,51,992120,244386,265527,67603,53444,16586,8362,1589,,
45:05.0,00:00.0,100,4,41,43,42,388497,22848,765,4858,1793,1546,480,286,,
45:06.0,00:00.0,87,5,41,43,42,320482,28749,8290,1521,4799,4325,1170,514,,
45:07.0,00:00.0,74,5,41,43,42,867832,38782,14510,12940,28537,35761,23206,5317,,
45:08.0,00:00.0,74,5,41,43,42,1401310,79841,65624,23374,130474,63987,65833,40991,,
45:09.0,00:00.0,74,5,41,43,42,1582977,76702,34601,13058,19140,26245,6140,1433,,
45:10.0,00:00.0,74,5,41,43,42,1334954,46408,16708,11950,14283,10802,3133,695,,
45:11.0,00:00.0,100,5,34,47,40,815154,76012,19176,50120,3217,6963,2782,739,,
45:12.0,00:00.0,100,2,21,54,37,564945,142546,24753,33192,31235,8182,1079,937,,
45:13.0,00:00.0,100,2,29,41,35,1676468,186990,35084,27768,33591,20479,8433,1435,,
45:14.0,00:00.0,74,5,29,41,35,1858903,43757,9756,4865,3581,6841,9224,10242,,
45:15.0,00:00.0,74,5,29,41,35,696686,69524,20976,12704,14083,12347,5526,1533,,
45:16.0,00:00.0,74,5,29,41,35,729036,16513,3248,3420,3716,3102,890,378,,
45:17.0,00:00.0,87,5,29,41,35,319759,13679,2498,4822,1204,936,414,112,,
45:18.0,00:00.0,87,5,29,41,35,344133,9331,5008,7634,2260,2545,1047,938,,
45:19.0,00:00.0,74,5,29,41,35,558874,21582,8853,4816,6551,3309,1502,382,,
45:20.0,00:00.0,100,5,17,47,32,249000,87884,9138,24598,7994,2557,2023,615,,
45:21.0,00:00.0,74,5,17,47,32,3018447,22899,34838,11583,16243,14728,3133,496,,
45:22.0,00:00.0,87,5,17,47,32,437338,17919,20439,13713,6922,7791,2503,677,,
45:23.0,00:00.0,87,5,17,47,32,1363218,286367,37470,22413,76588,80978,5595,3031,,
45:24.0,00:00.0,87,5,17,47,32,1849496,199166,83900,54891,115510,61942,7377,7984,,
45:25.0,00:00.0,87,5,17,47,32,1833892,81075,11706,11553,31339,16287,2460,1439,,
45:26.0,00:00.0,100,5,27,40,33,99438,14663,3149,7176,5489,2977,285,205,,
45:27.0,00:00.0,87,4,27,40,33,1868509,38403,19161,21664,14710,6160,2912,1250,,
45:28.0,00:00.0,74,4,27,40,33,403355,75333,47359,11555,7050,15054,6008,746,,
45:29.0,00:00.0,87,4,27,40,33,679492,18472,1735,7438,13997,8016,3083,462,,
45:30.0,00:00.0,74,4,27,40,33,1669502,25336,10695,20796,20555,27901,6972,1280,,
45:31.0,00:00.0,87,4,27,40,33,335527,1830,4327,3400,1849,1744,274,16,,
45:32.0,00:00.0,100,4,51,43,47,540745,26152,8156,16049,15319,15424,2341,191,,
45:33.0,00:00.0,87,3,51,43,47,2546382,63053,40318,16092,22378,16259,7616,2977,,
45:34.0,00:00.0,74,3,51,43,47,1237609,50095,20815,32134,20437,10455,1707,863,,
45:35.0,00:00.0,87,3,51,43,47,203947,21234,6130,4257,6452,1543,253,141,,
45:36.0,00:00.0,74,3,51,43,47,442394,128484,27498,11562,25725,21763,13200,8247,,
45:37.0,00:00.0,74,3,51,43,47,1038596,349023,149185,96467,237949,147314,105050,30845,,
45:38.0,00:00.0,74,3,51,43,47,926775,156485,6932,2596,27720,22517,20543,3975,,
45:39.0,00:00.0,87,3,51,43,47,1302353,95937,42392,71981,24736,48081,7936,2559,,
45:40.0,00:00.0,74,3,51,43,47,1133425,89220,28564,33567,24970,13638,1701,494,,
45:41.0,00:00.0,100,3,60,44,52,70180,21535,4779,7270,7183,6084,2101,263,,
45:42.0,00:00.0,100,3,78,50,64,233548,34722,6463,18176,6616,6412,1886,1746,,
45:43.0,00:00.0,100,2,69,47,58,1579889,85804,30895,14647,34991,7518,4916,5338,,
45:44.0,00:00.0,87,2,69,47,58,1223091,44456,22350,17619,14390,7199,2993,984,,
45:45.0,00:00.0,87,2,69,47,58,652860,9778,14005,3727,5946,1183,478,367,,
45:46.0,00:00.0,100,2,54,44,49,879001,32224,10376,9720,18018,4297,1745,771,,
45:47.0,00:00.0,100,1,29,26,27,712721,81107,3567,1512,7657,1304,2666,407,,
45:48.0,00:00.0,100,4,24,14,19,736268,106421,16832,7969,27414,10915,3361,639,,
45:49.0,00:00.0,100,3,29,16,22,1281940,45301,10282,15281,12874,5395,1889,772,,
45:50.0,00:00.0,74,6,29,16,22,1776454,143104,17807,4410,15214,15356,4978,1489,,
45:51.0,00:00.0,100,3,16,10,13,1069356,122186,18799,8309,9051,4054,2059,1301,,
45:52.0,00:00.0,100,2,38,26,32,653570,109435,41641,9628,37078,19392,9134,1935,,
45:53.0,00:00.0,74,5,38,26,32,749844,9530,2098,456,1300,925,231,178,,
45:54.0,00:00.0,74,5,38,26,32,1547311,24840,17570,2552,4611,12260,810,439,,
45:55.0,00:00.0,87,5,38,26,32,336445,51708,6044,7292,2873,2209,547,427,,
45:56.0,00:00.0,100,5,34,17,25,84273,56874,3432,2126,3099,2854,390,155,,
45:57.0,00:00.0,74,7,34,17,25,866654,126470,27058,59606,79720,77691,7429,2888,,
45:58.0,00:00.0,74,7,34,17,25,2080366,149581,29126,44121,40957,58183,20367,12122,,
45:59.0,00:00.0,87,7,34,17,25,222170,58116,25025,13709,9342,8259,2960,978,,
46:00.0,00:00.0,87,7,34,17,25,1738,964,251,182,106,81,16,12,,
46:01.0,00:00.0,87,7,34,17,25,433264,68709,5312,18251,39191,11314,4894,4483,,
46:02.0,00:00.0,74,7,34,17,25,424316,58991,10175,1446,7633,5822,1488,458,,
46:03.0,00:00.0,87,7,34,17,25,1094204,16095,1196,19958,35516,19272,5475,628,,
46:04.0,00:00.0,74,7,34,17,25,78802,10800,8396,10864,14184,13432,1281,878,,
46:05.0,00:00.0,74,7,34,17,25,798782,21715,8745,4505,8365,4963,1115,982,,
46:06.0,00:00.0,87,7,34,17,25,261949,961,3128,1117,384,207,53,59,,
46:07.0,00:00.0,87,7,34,17,25,634784,38139,1043,2810,1638,2008,398,552,,
46:08.0,00:00.0,74,7,34,17,25,686567,265164,71849,41340,212134,141353,38476,35530,,
46:09.0,00:00.0,87,7,34,17,25,457606,561608,114832,134640,125575,343622,57865,23067,,
46:10.0,00:00.0,74,7,34,17,25,751256,155300,25898,16921,23694,13595,3807,1179,,
46:11.0,00:00.0,74,7,34,17,25,2537920,151556,61991,117461,130665,131161,37427,11770,,
46:12.0,00:00.0,74,7,34,17,25,827173,25905,41104,33030,37575,41568,3252,15112,,
46:13.0,00:00.0,87,7,34,17,25,1841789,83401,46831,29116,20585,19235,9529,2788,,
46:14.0,00:00.0,74,7,34,17,25,489333,235515,228465,24830,64205,61592,134953,109900,,
46:15.0,00:00.0,73,7,34,17,25,3,1,0,0,0,0,0,0,,
46:16.0,00:00.0,73,7,34,17,25,5,3,1,0,0,0,0,0,,
46:17.0,00:00.0,73,7,34,17,25,301,78,25,15,39,31,4,2,,
46:18.0,00:00.0,85,7,34,17,25,54823,12642,2744,1237,12068,6001,1980,873,,
46:19.0,00:00.0,0,7,0,0,0,191801,27592,7694,12424,6536,7021,4850,710,,
46:20.0,00:00.0,0,7,0,0,0,551033,73989,6589,12169,2941,12852,3410,2314,,
46:21.0,00:00.0,0,7,0,0,0,457592,295469,46953,72137,81882,78501,36468,11454,,
46:22.0,00:00.0,0,7,0,0,0,416239,47420,13165,21046,10476,8214,8145,1904,,
46:23.0,00:00.0,0,7,0,0,0,502035,315611,92572,79414,159637,147621,20090,10192,,
46:24.0,00:00.0,0,7,0,0,0,1030334,566226,34875,29319,105988,39938,18257,10879,,
46:25.0,00:00.0,0,7,0,0,0,819880,1374781,582774,723717,814621,180495,141312,14576,,
46:26.0,00:00.0,0,7,0,0,0,445379,94574,56338,35406,24433,26755,15878,6687,,
46:27.0,00:00.0,0,7,0,0,0,99284,7557,2562,3673,2342,1721,548,505,,
46:28.0,00:00.0,0,7,0,0,0,110274,15464,5691,1920,1520,3190,1072,518,,
46:29.0,00:00.0,0,7,0,0,0,519272,34567,5022,2009,4398,2213,687,333,,
46:30.0,00:00.0,0,7,0,0,0,45501,24073,3909,1371,1414,5872,759,603,,
46:31.0,00:00.0,0,7,0,0,0,54495,30153,5387,1149,1600,4301,1027,362,,
46:32.0,00:00.0,0,7,0,0,0,169554,59432,15146,17785,28498,31192,9711,6489,,
46:33.0,00:00.0,0,7,0,0,0,284793,138174,21364,12627,14029,34829,10855,10039,,
46:34.0,00:00.0,0,7,0,0,0,365162,24340,27427,17362,20393,50243,16169,7602,,
46:35.0,00:00.0,0,7,0,0,0,578684,169236,15835,19727,9721,21540,2788,603,,
46:36.0,00:00.0,0,7,0,0,0,316351,41522,47992,47591,11481,22366,9556,8721,,
46:37.0,00:00.0,0,7,0,0,0,1585770,125922,33248,28427,32811,67653,11861,4232,,
46:38.0,00:00.0,0,7,0,0,0,264987,272163,15128,20312,19741,120747,13048,13477,,
46:39.0,00:00.0,0,7,0,0,0,114321,10964,11379,5676,13607,20743,2578,663,,
46:40.0,00:00.0,0,7,0,0,0,175780,40275,3528,4368,9604,12756,8447,2547,,
46:41.0,00:00.0,0,7,0,0,0,844622,145413,19552,23372,18575,21659,22796,4202,,
46:42.0,00:00.0,0,7,0,0,0,721884,144783,20049,45558,37540,64791,13690,5424,,
46:43.0,00:00.0,0,7,0,0,0,1049675,62602,2424,11354,20747,19179,8952,6522,,
46:44.0,00:00.0,0,7,0,0,0,780315,29983,22592,29309,17122,28984,15305,6873,,
46:45.0,00:00.0,0,7,0,0,0,790795,67782,8520,37159,47483,20848,28470,10118,,
46:46.0,00:00.0,0,7,0,0,0,679343,300887,19824,5040,4794,85001,6314,1616,,
46:47.0,00:00.0,0,7,0,0,0,782311,150191,17742,6290,16819,101074,6596,2283,,
46:48.0,00:00.0,0,7,0,0,0,1751697,141648,40009,25517,8396,74793,10139,3668,,
46:49.0,00:00.0,0,7,0,0,0,266257,13652,6602,5649,2892,20148,975,290,,
46:50.0,00:00.0,0,7,0,0,0,188954,7960,924,2131,3622,23810,1629,828,,
46:51.0,00:00.0,0,7,0,0,0,129542,20552,6588,4263,931,14430,1350,483,,
46:52.0,00:00.0,0,7,0,0,0,1470644,422973,42128,28504,3945,93566,6812,1010,,
46:53.0,00:00.0,0,7,0,0,0,687541,76409,92603,36360,7645,73958,8648,2492,,
46:54.0,00:00.0,0,7,0,0,0,157788,21115,898,3254,3151,12836,1135,462,,
46:55.0,00:00.0,0,7,0,0,0,2899624,631957,60571,64285,52143,294720,33988,3932,,
46:56.0,00:00.0,0,7,0,0,0,526928,45620,9418,33955,29341,40635,24567,1968,,
46:57.0,00:00.0,0,7,0,0,0,21477,20926,25945,16937,29344,26923,15347,8129,,
46:58.0,00:00.0,0,7,0,0,0,95755,15728,1753,6624,6764,7947,2371,1996,,
46:59.0,00:00.0,0,7,0,0,0,111978,108629,31004,13017,61711,34178,11901,5864,,
47:00.0,00:00.0,0,7,0,0,0,11380,13223,23491,11757,25489,36048,14782,6992,,
47:01.0,00:00.0,0,7,0,0,0,304953,60270,9363,4771,29329,41655,14937,8216,,
47:02.0,00:00.0,0,7,0,0,0,534528,75166,79060,62474,33151,98492,14206,5233,,
47:03.0,00:00.0,0,7,0,0,0,306464,153387,65734,18086,25781,49162,9341,3555,,
47:04.0,00:00.0,0,7,0,0,0,1420505,67119,1826,3368,13647,10349,12722,1122,,
47:05.0,00:00.0,0,7,0,0,0,90910,23339,5194,13248,7156,3292,5421,1329,,
47:06.0,00:00.0,0,7,0,0,0,167549,28099,66236,37096,20053,39855,5385,6653,,
47:07.0,00:00.0,0,7,0,0,0,1325762,145835,80490,32650,11668,27923,16220,4457,,
47:08.0,00:00.0,0,7,0,0,0,36226,57043,5824,9059,34185,33566,14661,5441,,
47:09.0,00:00.0,0,7,0,0,0,70234,86643,56589,19370,14972,44478,11644,8154,,
47:10.0,00:00.0,0,7,0,0,0,621187,105399,3855,8797,15487,33810,19249,10042,,
47:11.0,00:00.0,0,7,0,0,0,588799,66568,18025,36771,25881,28730,22099,18235,,
47:12.0,00:00.0,0,7,0,0,0,969940,29569,11542,7709,6102,8082,6324,1017,,
47:13.0,00:00.0,0,7,0,0,0,124055,11288,2193,2903,2790,2453,2751,361,,
47:14.0,00:00.0,0,7,0,0,0,843336,159635,21957,16693,31835,33798,20018,13316,,
47:15.0,00:00.0,0,7,0,0,0,218286,80276,46441,19970,26619,27142,10123,7646,,
47:16.0,00:00.0,0,7,0,0,0,381207,123203,86510,26477,50112,43867,22705,11194,,
47:17.0,00:00.0,0,7,0,0,0,1501046,1425812,31962,171347,160062,78296,38917,6477,,
47:18.0,00:00.0,74,7,0,0,0,1092189,1620326,256385,127253,251449,189413,131575,180986,,
47:19.0,00:00.0,60,7,0,0,0,690073,26504,7773,5233,2108,1421,524,282,,
47:20.0,00:00.0,73,7,0,0,0,1,0,0,0,0,1,1,1,,
47:21.0,00:00.0,73,7,0,0,0,1090,453,97,39,36,13,2,4,,
47:22.0,00:00.0,60,7,0,0,0,1097733,164146,79326,65461,83507,71981,9321,4552,,
47:23.0,00:00.0,0,7,0,0,0,3370248,296863,63547,49983,14527,10527,8013,8799,,
47:24.0,00:00.0,74,7,0,0,0,153930,13183,22911,18984,26937,16563,15192,7733,,
47:25.0,00:00.0,74,7,0,0,0,123728,32993,17212,9862,6804,19691,15610,7187,,
47:26.0,00:00.0,73,7,0,0,0,66,30,10,10,3,2,1,1,,
47:27.0,00:00.0,60,7,0,0,0,536921,145485,160624,315829,716485,206636,184253,169267,,
47:28.0,00:00.0,74,7,0,0,0,351165,42492,7826,34818,13311,36540,21107,10082,,
47:29.0,00:00.0,74,7,0,0,0,1810688,166149,77848,73161,90365,116108,67440,72569,,
47:30.0,00:00.0,74,7,0,0,0,1500618,1265963,77747,429933,439908,345435,245455,131879,,
47:31.0,00:00.0,74,7,0,0,0,1630028,684395,102783,154674,304780,375063,232792,244222,,
47:32.0,00:00.0,74,7,0,0,0,2022121,444064,93367,228937,194840,282009,120546,73267,,
47:33.0,00:00.0,74,7,0,0,0,1797284,230883,34452,60676,197466,171687,61725,66484,,
47:34.0,00:00.0,74,7,0,0,0,270425,85002,17116,48979,38187,66170,47118,11356,,
47:35.0,00:00.0,74,7,0,0,0,1838180,555472,479248,363987,446763,143771,249446,182851,,
47:36.0,00:00.0,74,7,0,0,0,1208818,184100,7278,48059,88143,232244,122213,146022,,
47:37.0,00:00.0,74,7,0,0,0,1218705,837043,685720,420537,1089007,1453005,595565,336502,,
47:38.0,00:00.0,74,7,0,0,0,155673,26387,35995,51317,26233,26796,32580,18367,,
47:39.0,00:00.0,74,7,0,0,0,2233040,292544,52871,177088,103629,64014,19142,34095,,
47:40.0,00:00.0,74,7,0,0,0,666018,1872543,486662,637573,694708,526895,244236,202429,,
47:41.0,00:00.0,74,7,0,0,0,901354,96275,80670,67426,112962,103906,17028,12523,,
47:42.0,00:00.0,74,7,0,0,0,604002,149492,29498,38779,96764,111508,41811,43880,,
47:43.0,00:00.0,74,7,0,0,0,329962,236649,104882,79807,38741,66124,12209,11728,,
47:44.0,00:00.0,74,7,0,0,0,1216013,447474,293185,219800,40255,42597,17663,26035,,
47:45.0,00:00.0,74,7,0,0,0,1070147,220282,98291,58394,72064,88725,27320,16465,,
47:46.0,00:00.0,74,7,0,0,0,1503205,1895566,90993,1875933,498346,474834,348970,520136,,
47:47.0,00:00.0,74,7,0,0,0,777523,120284,112364,168008,174988,59677,43700,23402,,
47:48.0,00:00.0,74,7,0,0,0,91488,45676,65275,52098,68570,46172,16329,17965,,
47:49.0,00:00.0,74,7,0,0,0,1594867,873970,252119,510846,856271,288264,371497,96871,,
47:50.0,00:00.0,74,7,0,0,0,1254267,201185,155771,58263,46214,85055,54891,36242,,
47:51.0,00:00.0,74,7,0,0,0,51333,2886,8813,12670,6033,2678,4912,2040,,
47:52.0,00:00.0,74,7,0,0,0,2400497,172998,61750,80132,75521,53103,5524,4483,,
47:53.0,00:00.0,74,7,0,0,0,1147954,711129,324418,125017,341577,229100,116688,61897,,
47:54.0,00:00.0,74,7,0,0,0,1584149,709362,329551,362788,83980,155057,114757,153558,,
47:55.0,00:00.0,74,7,0,0,0,61790,67076,25316,58084,24781,37364,12045,9951,,
47:56.0,00:00.0,60,7,0,0,0,950576,467829,107408,160789,72792,23675,11509,20174,,
47:57.0,00:00.0,73,7,0,0,0,1,1,0,1,0,0,0,0,,
47:58.0,00:00.0,74,7,0,0,0,358343,569805,63912,313857,270584,470867,150622,61069,,
47:59.0,00:00.0,74,7,0,0,0,1783176,163001,123726,175395,266416,179555,38054,51390,,
48:00.0,00:00.0,74,7,0,0,0,1102232,121581,38428,78040,56718,111023,87323,61208,,
48:01.0,00:00.0,74,7,0,0,0,1358002,334754,61211,210563,235957,77926,102128,47677,,
48:02.0,00:00.0,74,7,0,0,0,710914,488055,51352,85344,109235,92274,144265,49970,,
48:03.0,00:00.0,74,7,0,0,0,368559,40151,23729,11070,6283,9784,2525,2151,,
48:04.0,00:00.0,74,7,0,0,0,1512214,48478,17504,176672,46580,39218,30915,21651,,
48:05.0,00:00.0,74,7,0,0,0,228061,791272,59973,181885,109219,168467,102592,76731,,
48:06.0,00:00.0,74,7,0,0,0,655282,153211,304096,19722,110678,112290,74064,30465,,
48:07.0,00:00.0,74,7,0,0,0,515685,87256,167976,19012,110056,311150,164444,116000,,
48:08.0,00:00.0,60,7,0,0,0,505598,211708,137773,42236,42315,89604,98602,78188,,
48:09.0,00:00.0,73,7,0,0,0,5,1,1,1,2,1,1,1,,
48:10.0,00:00.0,73,7,0,0,0,11,2,0,0,0,1,0,0,,
48:11.0,00:00.0,73,7,0,0,0,127242,14197,2109,200,162,15466,719,236,,
48:12.0,00:00.0,0,7,0,0,0,104040,20514,5796,2418,1411,14203,1558,623,,
48:13.0,00:00.0,0,7,0,0,0,114228,26594,5043,7880,1651,21619,1379,329,,
48:14.0,00:00.0,0,7,0,0,0,566657,105316,15643,9645,2736,34026,4242,2532,,
48:15.0,00:00.0,0,7,0,0,0,137476,44875,4870,7928,4751,5875,3572,704,,
48:16.0,00:00.0,0,7,0,0,0,411270,26843,42905,13398,31842,21068,12715,2980,,
48:17.0,00:00.0,0,7,0,0,0,702006,47216,42394,21335,29285,21580,23300,15475,,
48:18.0,00:00.0,0,7,0,0,0,379621,69456,13549,21509,13158,13528,10803,12597,,
48:19.0,00:00.0,0,7,0,0,0,543813,52757,11074,16473,11674,16170,11750,6519,,
48:20.0,00:00.0,0,7,0,0,0,1467166,132890,12381,15437,30357,22381,7815,2706,,
48:21.0,00:00.0,0,7,0,0,0,509660,50804,17280,12694,9819,31663,16026,3997,,
48:22.0,00:00.0,0,7,0,0,0,554928,83167,28807,25041,85126,34483,15717,14243,,
48:23.0,00:00.0,0,7,0,0,0,116777,61246,16291,7342,22961,17774,22471,14004,,
48:24.0,00:00.0,0,7,0,0,0,629086,51646,34554,35559,18775,21296,13741,2759,,
48:25.0,00:00.0,0,7,0,0,0,1086033,45697,6963,19717,16474,50492,9024,6804,,
48:26.0,00:00.0,0,7,0,0,0,1217075,80428,11043,8248,36785,10747,23493,3717,,
48:27.0,00:00.0,0,7,0,0,0,90487,67205,42340,5111,24941,23405,15749,8234,,
48:28.0,00:00.0,0,7,0,0,0,309772,43815,21214,13283,19021,15537,7878,2355,,
48:29.0,00:00.0,0,7,0,0,0,672810,16827,12571,2612,5532,5363,2803,1294,,
48:30.0,00:00.0,0,7,0,0,0,719768,64325,19942,9573,12561,19649,23454,6059,,
48:31.0,00:00.0,0,7,0,0,0,44919,31691,7644,40592,19902,30611,7134,3928,,
48:32.0,00:00.0,0,7,0,0,0,116248,95946,7482,4323,29624,38054,14900,10164,,
48:33.0,00:00.0,0,7,0,0,0,896344,83464,57858,31601,25256,16573,8447,5282,,
48:34.0,00:00.0,0,7,0,0,0,918104,258910,57652,36303,78857,15924,16233,6774,,
48:35.0,00:00.0,0,7,0,0,0,91915,123621,657,9317,3918,10365,11849,2994,,
48:36.0,00:00.0,0,7,0,0,0,338897,103895,14447,24550,46157,20059,25225,14670,,
48:37.0,00:00.0,0,7,0,0,0,125342,132380,13999,12140,17257,19505,21809,8747,,
48:38.0,00:00.0,0,7,0,0,0,597055,68495,11875,2082,7422,12047,5700,1243,,
48:39.0,00:00.0,0,7,0,0,0,153069,53495,18767,27136,56287,27006,14485,16200,,
48:40.0,00:00.0,0,7,0,0,0,1418997,205686,17679,26730,34723,33140,36346,5034,,
48:41.0,00:00.0,0,7,0,0,0,276813,85680,9560,10774,21119,11231,11504,5724,,
48:42.0,00:00.0,0,7,0,0,0,87412,65966,11615,29128,27002,35510,16767,11953,,
48:43.0,00:00.0,0,7,0,0,0,69664,239535,28471,29077,21157,35310,32528,3790,,
48:44.0,00:00.0,0,7,0,0,0,668343,115122,26573,8864,6618,5347,4893,3446,,
48:45.0,00:00.0,0,7,0,0,0,1138371,544384,42102,11615,20306,32206,17544,11370,,
48:46.0,00:00.0,0,7,0,0,0,550846,93067,19497,11774,4795,5348,3160,2042,,
48:47.0,00:00.0,0,7,0,0,0,559677,70300,5728,34432,24195,17288,29800,13274,,
48:48.0,00:00.0,0,7,0,0,0,297996,187071,15515,11280,29238,37142,43030,9350,,
48:49.0,00:00.0,0,7,0,0,0,663180,119592,9123,9023,19572,33600,24560,7053,,
48:50.0,00:00.0,0,7,0,0,0,788981,87952,4217,15682,39507,24257,29411,9924,,
48:51.0,00:00.0,0,7,0,0,0,372054,198004,26213,34858,12037,38920,28873,10713,,
48:52.0,00:00.0,0,7,0,0,0,1509113,78289,155591,14800,11700,32579,16558,22333,,
48:53.0,00:00.0,0,7,0,0,0,732414,69517,59025,29573,38590,21215,6130,14992,,
48:54.0,00:00.0,0,7,0,0,0,431690,21609,29411,17331,17948,20981,18814,12111,,
48:55.0,00:00.0,0,7,0,0,0,6410,56421,4310,17184,23808,21342,16577,8912,,
48:56.0,00:00.0,0,7,0,0,0,515714,43546,22353,51878,36704,41229,28458,5307,,
48:57.0,00:00.0,0,7,0,0,0,3856,47031,32584,12496,38597,19032,20641,7294,,
48:58.0,00:00.0,0,7,0,0,0,74675,84861,24134,12501,18976,26840,23908,8680,,
48:59.0,00:00.0,0,7,0,0,0,16902,62626,15949,29197,24442,47778,13766,2906,,
49:00.0,00:00.0,0,7,0,0,0,86521,29438,45907,62961,20904,37576,11539,8836,,
49:01.0,00:00.0,0,7,0,0,0,4377,21018,31706,6574,22720,54688,15065,5278,,
49:02.0,00:00.0,0,7,0,0,0,926416,258094,5117,14473,53477,19959,36543,3185,,
49:03.0,00:00.0,0,7,0,0,0,165662,106482,24402,16055,50794,13683,19335,3413,,
49:04.0,00:00.0,0,7,0,0,0,263412,48089,4998,18239,19016,28413,26427,10901,,
49:05.0,00:00.0,0,7,0,0,0,133115,9007,6513,5028,6439,5052,3927,2039,,
49:06.0,00:00.0,0,7,0,0,0,91314,21832,8962,4808,42909,19190,16995,5699,,
49:07.0,00:00.0,0,7,0,0,0,1216055,46899,48445,23469,28948,19140,15404,6850,,
49:08.0,00:00.0,0,7,0,0,0,319122,59832,5383,34226,31786,31508,13633,2267,,
49:09.0,00:00.0,0,7,0,0,0,580159,90021,46015,17566,31082,27668,25929,5054,,
49:10.0,00:00.0,0,7,0,0,0,1570949,115765,64709,71445,37241,18574,22760,3976,,
49:11.0,00:00.0,0,7,0,0,0,80435,46727,15312,17506,37172,20786,10786,7325,,
49:12.0,00:00.0,0,7,0,0,0,176950,59668,20643,18882,46182,14862,9293,12042,,
49:13.0,00:00.0,0,7,0,0,0,52830,16564,23839,16253,12331,24697,13486,2775,,
49:14.0,00:00.0,0,7,0,0,0,1740428,96720,23551,33444,24723,24645,18090,7167,,
49:15.0,00:00.0,0,7,0,0,0,277893,55495,22746,10074,22332,14019,16816,2914,,
49:16.0,00:00.0,0,7,0,0,0,709424,58767,30484,21495,31533,54584,11852,2742,,
49:17.0,00:00.0,0,7,0,0,0,28698,36213,14482,23812,37009,23453,19886,6008,,
49:18.0,00:00.0,0,7,0,0,0,24012,53457,28677,29640,23362,13798,15624,5213,,
49:19.0,00:00.0,0,7,0,0,0,59136,77730,19660,4163,18417,29645,12217,4851,,
49:20.0,00:00.0,0,7,0,0,0,375015,251668,14771,6115,10580,43014,30740,7786,,
49:21.0,00:00.0,0,7,0,0,0,401262,118720,19899,27880,61104,28312,22188,12297,,
49:22.0,00:00.0,0,7,0,0,0,679417,114110,13530,33671,6943,9414,17735,3400,,
49:23.0,00:00.0,0,7,0,0,0,150891,46072,3147,20178,30337,20856,18704,3769,,
49:24.0,00:00.0,100,7,0,0,0,478083,419687,205222,152788,144594,68767,12169,10116,,
49:25.0,00:00.0,74,6,0,0,0,985981,302998,29381,151811,66498,58375,6223,1604,,
49:26.0,00:00.0,74,6,0,0,0,1195846,176400,81142,60283,57887,46030,33471,58156,,
49:27.0,00:00.0,74,6,0,0,0,1113231,288259,17374,68531,128371,107058,24657,11054,,
49:28.0,00:00.0,74,6,0,0,0,334165,107685,91547,59444,162982,106897,49152,10166,,
49:29.0,00:00.0,87,6,0,0,0,486749,6182,7701,6765,4652,1043,404,126,,
49:30.0,00:00.0,100,6,0,0,0,138621,31577,3053,16322,7163,4061,1435,2297,,
49:31.0,00:00.0,100,6,0,0,0,744047,136133,15719,5428,8265,15487,2380,601,,
49:32.0,00:00.0,100,6,47,16,31,2458473,61096,4738,17553,8714,24586,5053,1986,,
49:33.0,00:00.0,100,6,48,47,47,45949,37538,152198,62620,31724,22159,3412,3302,,
49:34.0,00:00.0,100,6,43,51,47,645682,53051,32765,17221,38924,14794,6873,2927,,
49:35.0,00:00.0,100,6,43,48,45,398987,55662,2678,2060,13649,5710,1896,1476,,
49:36.0,00:00.0,100,6,21,50,35,1472908,50707,10330,14633,15965,6372,5567,807,,
49:37.0,00:00.0,100,6,26,37,31,2098105,36775,26145,21261,15427,9349,5233,2431,,
49:38.0,00:00.0,100,6,21,34,27,942510,120335,13105,43638,20422,18547,5822,3880,,
49:39.0,00:00.0,100,6,37,48,42,1624835,63047,16592,12863,38457,21195,5325,3302,,
49:40.0,00:00.0,100,6,26,60,43,426955,83732,87326,9232,11559,7080,2133,2268,,
49:41.0,00:00.0,100,4,40,48,44,1441746,110474,5401,39134,30276,39232,2804,1796,,
49:42.0,00:00.0,87,2,40,48,44,1072232,15570,7665,5362,2325,2290,675,337,,
49:43.0,00:00.0,100,2,34,43,38,67490,12262,2189,1081,692,1129,661,236,,
49:44.0,00:00.0,100,2,24,53,38,277925,53310,50928,13849,31739,15045,2970,799,,
49:45.0,00:00.0,100,2,37,54,45,621027,55934,64416,31507,22310,11423,5600,3038,,
49:46.0,00:00.0,100,2,30,61,45,275651,72894,25942,16810,6780,24299,8549,3148,,
49:47.0,00:00.0,100,2,44,67,55,520454,71654,30485,9003,11689,17292,4399,4236,,
49:48.0,00:00.0,100,2,35,64,49,91418,102124,23609,41357,10090,10467,7698,6450,,
49:49.0,00:00.0,100,3,30,40,35,1419549,61444,5163,3013,2123,4516,2467,642,,
49:50.0,00:00.0,100,3,23,38,30,53563,77433,33374,6479,22552,12495,2697,2036,,
49:51.0,00:00.0,100,2,17,40,28,2075763,177028,71643,41284,30659,35034,11723,4001,,
49:52.0,00:00.0,100,1,30,50,40,995462,44080,44268,65611,16912,21225,4351,1884,,
49:53.0,00:00.0,100,1,38,60,49,61265,68007,16294,9829,19513,8463,2264,5626,,
49:54.0,00:00.0,100,1,34,61,47,302864,135698,21688,56361,35352,16757,11476,4728,,
49:55.0,00:00.0,100,1,30,69,49,2269946,35816,44957,23079,21501,11567,12058,1348,,
49:56.0,00:00.0,100,1,21,53,37,744324,196653,25960,54330,31358,22085,7008,1866,,
49:57.0,00:00.0,100,2,27,53,40,607912,46942,8986,9083,7800,8460,1910,581,,
49:58.0,00:00.0,100,2,38,54,46,624913,36937,2875,26221,13805,12011,2234,2579,,
49:59.0,00:00.0,100,2,24,48,36,101051,27032,11187,10518,5466,2237,1255,242,,
50:00.0,00:00.0,100,2,16,48,32,667171,151604,22183,29741,13539,9178,3521,2989,,
50:01.0,00:00.0,100,2,1,47,24,2382976,336029,35556,47552,17121,13079,18550,5255,,
50:02.0,00:00.0,100,2,1,56,28,745949,57920,46865,53293,12274,11993,6477,2996,,
50:03.0,00:00.0,100,1,1,48,24,240773,355713,53727,62165,54538,16785,6282,6840,,
50:04.0,00:00.0,100,1,1,64,32,904497,104852,122920,82258,28245,27326,11635,3800,,
50:05.0,00:00.0,100,2,13,74,43,696375,35562,6008,14523,5459,5197,1991,987,,
50:06.0,00:00.0,100,2,1,56,28,928127,532732,127840,61635,87883,24503,4515,7122,,
50:07.0,00:00.0,100,2,20,66,43,839285,19572,5895,10457,3319,4827,1290,513,,
50:08.0,00:00.0,100,2,21,51,36,772577,24809,10764,3063,11721,3777,5578,584,,
50:09.0,00:00.0,100,2,20,41,30,2087415,264901,44096,17352,19157,28469,4389,2313,,
50:10.0,00:00.0,100,2,53,56,54,1313080,7769,14497,7190,6376,7735,2357,618,,
50:11.0,00:00.0,100,2,40,41,40,434970,77331,6973,8417,20036,5521,2521,697,,
50:12.0,00:00.0,100,2,23,40,31,610997,87514,10235,18544,9394,2664,2504,591,,
50:13.0,00:00.0,100,2,24,53,38,1890601,116701,50208,76728,55023,22093,6772,4002,,
50:14.0,00:00.0,100,4,10,35,22,321197,347199,28850,77552,84726,34611,15973,9117,,
50:15.0,00:00.0,100,4,1,40,20,1701050,34849,7720,2305,4561,870,574,188,,
50:16.0,00:00.0,100,1,27,41,34,692546,54930,14293,13652,16700,14274,1859,1447,,
50:17.0,00:00.0,87,3,27,41,34,1403963,11808,5197,6146,5316,2885,831,416,,
50:18.0,00:00.0,100,3,20,20,20,1377175,61845,3635,3554,4448,3492,690,541,,
50:19.0,00:00.0,100,2,7,23,15,830708,142160,27825,15115,10390,4754,2886,770,,
50:20.0,00:00.0,100,2,35,37,36,546258,16045,5574,30445,21440,9647,3967,3015,,
50:21.0,00:00.0,74,5,35,37,36,398957,25155,17172,17328,9541,8796,8399,13266,,
50:22.0,00:00.0,60,8,35,37,36,1048853,82079,31374,23700,15322,19861,19058,9021,,
50:23.0,00:00.0,73,8,35,37,36,0,0,0,0,0,2,0,0,,
50:24.0,00:00.0,73,8,35,37,36,13,1,1,0,0,0,0,0,,
50:25.0,00:00.0,73,8,35,37,36,66771,4487,312,600,2100,2794,2379,727,,
50:26.0,00:00.0,0,8,0,0,0,114723,90417,2775,3953,1460,3263,1785,2321,,
50:27.0,00:00.0,0,8,0,0,0,1871977,202664,139284,32113,9632,49213,18685,6140,,
50:28.0,00:00.0,0,8,0,0,0,1009891,84562,11251,28435,3115,17487,5527,3314,,
50:29.0,00:00.0,0,8,0,0,0,234979,89400,6911,4319,12720,17605,7075,6383,,
50:30.0,00:00.0,0,8,0,0,0,90080,9648,4563,3604,3943,3970,1557,465,,
50:31.0,00:00.0,0,8,0,0,0,701181,325675,187736,29719,97747,154103,36426,14242,,
50:32.0,00:00.0,0,8,0,0,0,805689,389337,115199,36498,47628,79909,30289,10355,,
50:33.0,00:00.0,74,8,0,0,0,491892,63455,26698,41789,38908,43971,60264,36237,,
50:34.0,00:00.0,87,8,0,0,0,471,770,765,740,644,539,266,145,,
50:35.0,00:00.0,74,8,0,0,0,611179,48934,72287,19921,59247,35114,5854,20883,,
50:36.0,00:00.0,87,8,0,0,0,106801,137628,22733,32512,28817,49477,3795,3211,,
50:37.0,00:00.0,74,8,0,0,0,558960,126638,29153,62762,182233,246831,179316,50623,,
50:38.0,00:00.0,74,8,0,0,0,878023,281088,80578,51912,8569,27178,3989,1341,,
50:39.0,00:00.0,87,8,0,0,0,587710,43649,8199,16145,14318,13723,2548,847,,
50:40.0,00:00.0,74,8,0,0,0,938137,2511,693,1711,1498,1219,84,107,,
50:41.0,00:00.0,87,8,0,0,0,212447,45439,22360,18314,18454,26962,14410,3372,,
50:42.0,00:00.0,74,8,0,0,0,1200294,340950,50367,38030,36728,53474,98075,49567,,
50:43.0,00:00.0,74,8,0,0,0,1517721,58293,48946,29555,14581,42864,26803,6309,,
50:44.0,00:00.0,74,8,0,0,0,343548,59233,58613,36096,8563,16304,13955,5507,,
50:45.0,00:00.0,60,8,0,0,0,650776,388083,267097,319959,143419,69772,70092,39978,,
50:46.0,00:00.0,74,8,0,0,0,249283,190333,9420,26482,61053,46375,29832,9484,,
50:47.0,00:00.0,74,8,0,0,0,1517676,565697,220982,106628,421349,242441,233610,173906,,
50:48.0,00:00.0,74,8,0,0,0,71708,22752,39,3840,3800,5487,7932,13946,,
50:49.0,00:00.0,74,8,0,0,0,1380057,122989,3518,3169,8273,11079,6261,4139,,
50:50.0,00:00.0,74,8,0,0,0,1509037,258472,140872,59484,145615,145493,84625,69594,,
50:51.0,00:00.0,74,8,0,0,0,672361,148142,21204,91337,98692,66087,60408,23492,,
50:52.0,00:00.0,74,8,0,0,0,1401138,64271,13097,14245,51822,38601,30972,9126,,
50:53.0,00:00.0,74,8,0,0,0,649053,204161,19303,24192,68331,52712,28158,7016,,
50:54.0,00:00.0,74,8,0,0,0,858548,37067,9914,9160,4806,2420,1101,416,,
50:55.0,00:00.0,74,8,0,0,0,1327052,142319,119072,226768,409437,109313,99002,125574,,
50:56.0,00:00.0,74,8,0,0,0,1474557,74086,51358,17529,47144,47937,29185,11855,,
50:57.0,00:00.0,74,8,0,0,0,95479,19140,7496,7399,2531,6943,2021,997,,
50:58.0,00:00.0,74,8,0,0,0,2412024,68336,9436,5847,10914,8885,2673,750,,
50:59.0,00:00.0,74,8,0,0,0,430677,457445,228848,321568,413175,254378,110977,105820,,
51:00.0,00:00.0,74,8,0,0,0,605544,176018,67741,115482,31782,23436,42853,33604,,
51:01.0,00:00.0,74,8,0,0,0,1473042,315416,359948,357814,304597,201708,134090,38801,,
51:02.0,00:00.0,74,8,0,0,0,617588,154032,125051,118737,136624,141390,36476,27413,,
51:03.0,00:00.0,87,8,0,0,0,1381510,1047979,262710,258689,71305,85679,28390,11788,,
51:04.0,00:00.0,87,8,0,0,0,137131,82664,18277,13932,4961,5395,372,219,,
51:05.0,00:00.0,74,8,0,0,0,892965,157034,26979,59777,68328,28065,13114,4133,,
51:06.0,00:00.0,74,8,0,0,0,1964333,73921,16623,12026,12109,5433,2002,989,,
51:07.0,00:00.0,74,8,0,0,0,2266746,58757,17133,18803,7732,10537,2792,1055,,
51:08.0,00:00.0,87,8,0,0,0,1089776,22386,17761,17683,5702,1832,909,360,,
51:09.0,00:00.0,74,8,0,0,0,1032589,32565,12128,5389,20662,11861,2114,1231,,
51:10.0,00:00.0,87,8,0,0,0,750863,31412,11228,4846,2857,2999,502,404,,
51:11.0,00:00.0,100,8,0,0,0,1042177,92087,18967,5620,7816,3828,1538,655,,
51:12.0,00:00.0,100,2,0,0,0,573026,35073,3369,2950,12639,7524,2282,303,,
51:13.0,00:00.0,100,1,0,0,0,367582,14183,2679,3662,1638,765,767,517,,
51:14.0,00:00.0,74,5,0,0,0,831727,11352,11813,12640,5436,2925,621,729,,
51:15.0,00:00.0,74,5,0,0,0,2215998,352102,36338,75794,61541,86395,46466,7897,,
51:16.0,00:00.0,87,5,0,0,0,531038,105233,17157,8266,5254,4080,1325,798,,
51:17.0,00:00.0,100,5,21,48,34,1056425,129854,52049,27429,28245,7936,2231,1547,,
51:18.0,00:00.0,100,5,27,57,42,318204,35099,3233,3792,3696,2478,4332,1322,,
51:19.0,00:00.0,100,5,54,83,68,75445,17969,28425,15108,13855,10994,2956,3416,,
51:20.0,00:00.0,100,3,50,83,66,906528,63729,11339,23609,9519,9494,2699,1587,,
51:21.0,00:00.0,100,2,60,94,77,1382201,6272,1719,11277,2426,1726,759,157,,
51:22.0,00:00.0,100,2,53,94,73,1598300,281240,37452,18486,7538,11366,4779,1407,,
51:23.0,00:00.0,100,2,34,70,52,1102107,175119,28397,10784,4631,6453,3025,1032,,
51:24.0,00:00.0,100,1,41,63,52,512745,69456,15896,13592,33691,18746,5758,1431,,
51:25.0,00:00.0,100,1,27,47,37,2126257,147306,36616,27731,37637,6416,3882,3972,,
51:26.0,00:00.0,100,4,40,70,55,927684,27668,14292,35104,15823,6387,7083,1868,,
51:27.0,00:00.0,100,3,40,77,58,728992,109048,31954,6981,4309,4203,1037,1109,,
51:28.0,00:00.0,74,2,40,77,58,801727,36135,5178,6096,10612,2568,856,240,,
51:29.0,00:00.0,87,2,40,77,58,262850,16051,9358,4339,4517,2073,440,150,,
51:30.0,00:00.0,100,2,29,94,61,831666,46301,35419,22475,7458,8785,2114,1382,,
51:31.0,00:00.0,100,2,43,100,71,967463,27339,19035,6958,7527,4964,1585,716,,
51:32.0,00:00.0,100,2,57,81,69,145086,17025,4269,1251,1115,6912,2222,1111,,
51:33.0,00:00.0,100,2,67,75,71,2595206,365718,14538,64125,27028,27746,9458,6735,,
51:34.0,00:00.0,87,1,67,75,71,2006225,151229,23682,13769,8401,7126,3389,894,,
51:35.0,00:00.0,100,1,66,51,58,1342169,226669,28250,22990,44453,23358,2507,1526,,
51:36.0,00:00.0,100,4,63,53,58,1978085,24547,22758,23688,35462,4392,826,456,,
51:37.0,00:00.0,74,5,63,53,58,349932,7184,2910,117,1234,1895,359,126,,
51:38.0,00:00.0,87,5,63,53,58,1152201,195648,23677,19290,20936,16777,3246,2840,,
51:39.0,00:00.0,100,5,38,43,40,328899,136563,4466,11451,5981,6027,3388,1495,,
51:40.0,00:00.0,87,3,38,43,40,619582,118891,18565,24457,12458,23705,2670,3111,,
51:41.0,00:00.0,87,2,38,43,40,1243477,96853,22614,22374,13354,11391,1917,1236,,
51:42.0,00:00.0,100,2,47,61,54,553106,59405,59932,3875,22671,16039,1704,868,,
51:43.0,00:00.0,74,5,47,61,54,617932,10884,8266,2744,3840,974,698,264,,
51:44.0,00:00.0,87,5,47,61,54,306743,7226,3330,1822,1053,3000,665,164,,
51:45.0,00:00.0,100,5,60,63,61,2087645,295216,44539,66529,115697,99286,13087,6327,,
51:46.0,00:00.0,100,3,63,61,62,906850,65967,51086,6075,15392,12117,5291,5010,,
51:47.0,00:00.0,100,2,70,88,79,1032474,102265,76962,26288,16032,13922,4149,1322,,
51:48.0,00:00.0,100,2,70,84,77,1331876,16138,6724,6134,4004,3776,715,505,,
51:49.0,00:00.0,100,2,63,90,76,1978700,105269,18562,43059,85768,20597,15715,7472,,
51:50.0,00:00.0,100,2,64,88,76,153356,22967,12233,4462,7629,3994,3036,1282,,
51:51.0,00:00.0,100,2,67,69,68,386274,146578,18604,20836,17272,16705,2677,1316,,
51:52.0,00:00.0,100,2,67,63,65,1140565,96230,5400,37742,11418,16472,2720,3487,,
51:53.0,00:00.0,100,2,64,60,62,134797,167887,22369,27864,10308,19448,2676,3110,,
51:54.0,00:00.0,100,2,75,60,67,1582614,7691,5019,5707,9528,4174,1158,547,,
51:55.0,00:00.0,100,2,54,51,52,1241731,60536,4142,3160,3616,1381,243,187,,
51:56.0,00:00.0,100,1,35,43,39,1924664,168825,22657,9881,8404,4899,995,721,,
51:57.0,00:00.0,100,2,34,29,31,368753,93394,3390,9687,14110,7553,1717,1149,,
51:58.0,00:00.0,87,2,34,29,31,62041,12229,1150,1314,492,290,170,92,,
51:59.0,00:00.0,74,2,34,29,31,1113380,17198,7765,1866,5740,4789,717,372,,
52:00.0,00:00.0,87,2,34,29,31,905402,4966,7768,1918,2670,5081,161,183,,
52:01.0,00:00.0,87,2,34,29,31,251691,17751,3678,812,713,990,490,265,,
52:02.0,00:00.0,100,2,30,23,26,741599,57205,28642,19489,53116,22181,20162,5212,,
52:03.0,00:00.0,74,3,30,23,26,498160,16206,2740,3007,1492,1128,563,177,,
52:04.0,00:00.0,87,3,30,23,26,1682658,208352,33083,63572,73586,41746,4861,6787,,
52:05.0,00:00.0,74,3,30,23,26,139103,4011,1834,1758,2115,1226,348,141,,
52:06.0,00:00.0,74,3,30,23,26,851837,91065,205788,53989,16838,94561,69510,61349,,
52:07.0,00:00.0,74,3,30,23,26,522816,155218,18438,24819,48817,56385,31946,16466,,
52:08.0,00:00.0,87,3,30,23,26,2063065,72200,24995,14931,9778,3661,1533,1220,,
52:09.0,00:00.0,74,3,30,23,26,824252,68053,42238,73590,42700,55586,9396,2423,,
52:10.0,00:00.0,74,3,30,23,26,645070,228918,207036,140827,43678,6968,10379,13863,,
52:11.0,00:00.0,74,3,30,23,26,693286,86119,53672,116074,66421,70643,29788,24409,,
52:12.0,00:00.0,74,3,30,23,26,1081139,206795,36071,27119,37741,30451,14244,3981,,
52:13.0,00:00.0,74,3,30,23,26,930431,1814587,160175,292775,147238,161207,117616,70787,,
52:14.0,00:00.0,74,3,30,23,26,1376748,630799,139251,206715,130036,127422,47184,50078,,
52:15.0,00:00.0,74,3,0,0,0,287931,30300,8062,15819,10491,10701,9950,3430,,
52:16.0,00:00.0,87,3,0,0,0,711740,100697,25596,39314,35123,29744,8185,1521,,
52:17.0,00:00.0,74,3,0,0,0,312465,2528448,87961,64406,1040865,432236,536897,363091,,
52:18.0,00:00.0,74,3,0,0,0,1131335,125740,17666,23709,50791,35016,22130,18361,,
52:19.0,00:00.0,100,3,0,0,0,62119,2744,713,2252,645,1062,422,199,,
52:20.0,00:00.0,100,3,0,0,0,108696,14314,6137,1509,3174,4058,1108,593,,
52:21.0,00:00.0,100,3,0,0,0,47471,19439,5028,9633,16958,12146,6443,3713,,
52:22.0,00:00.0,100,2,38,48,43,256327,147268,125139,36208,23353,25191,8404,2830,,
52:23.0,00:00.0,100,2,50,38,44,644538,133984,40637,9423,19859,27390,6821,4285,,
52:24.0,00:00.0,100,2,40,29,34,223503,166573,7542,26114,16423,16584,6210,4034,,
52:25.0,00:00.0,100,2,29,21,25,768683,40899,1914,23942,7693,14213,7352,11413,,
52:26.0,00:00.0,100,2,44,1,22,67375,7735,2708,983,4136,2313,1172,509,,
52:27.0,00:00.0,100,2,48,27,37,32420,14974,26642,12416,16912,10429,4685,2140,,
52:28.0,00:00.0,100,2,44,43,43,67996,132407,18996,37769,7425,12728,3585,1801,,
52:29.0,00:00.0,100,2,48,48,48,1364975,28998,28073,19604,48802,18817,1302,1141,,
52:30.0,00:00.0,100,2,23,41,32,3093937,139668,19115,9712,6489,5368,3239,1033,,
52:31.0,00:00.0,100,2,17,21,19,256575,20217,4642,5479,2696,3257,1823,255,,
52:32.0,00:00.0,100,2,30,7,18,30039,24161,1807,4767,5110,4641,2586,1043,,
52:33.0,00:00.0,100,2,24,3,13,32221,60762,16000,23585,15920,14298,13253,4095,,
52:34.0,00:00.0,100,2,53,20,36,277394,60881,28766,11974,10408,23242,17701,3955,,
52:35.0,00:00.0,100,2,48,35,41,91664,36556,28929,14104,12249,6075,3828,2722,,
52:36.0,00:00.0,100,2,53,77,65,8900,7581,33557,8960,16484,11243,6033,2084,,
52:37.0,00:00.0,100,2,41,77,59,47574,138992,58442,13368,15973,12846,12077,7680,,
52:38.0,00:00.0,100,2,35,63,49,1038569,127645,31004,5122,6342,21769,9337,5006,,
52:39.0,00:00.0,100,2,30,48,39,1184277,258331,26959,82595,14769,21005,14244,6683,,
52:40.0,00:00.0,100,2,4,7,5,146314,275024,16120,20869,37254,9092,8182,9046,,
52:41.0,00:00.0,100,2,1,11,6,718133,161724,63525,25480,11806,10654,8496,3831,,
52:42.0,00:00.0,100,2,1,48,24,589238,56832,43720,58449,8336,14333,9964,1802,,
52:43.0,00:00.0,100,2,1,63,32,1635359,347421,256147,24109,40635,17284,5222,3374,,
52:44.0,00:00.0,100,2,16,83,49,382438,18709,5722,6286,3536,8425,1907,1230,,
52:45.0,00:00.0,100,2,34,60,47,773326,301300,15093,5279,50727,45067,12019,1837,,
52:46.0,00:00.0,100,2,40,41,40,1440587,193117,39936,28000,17442,34155,3995,5793,,
52:47.0,00:00.0,100,2,48,27,37,55544,252515,27559,33192,8912,16243,2411,2840,,
52:48.0,00:00.0,100,2,34,37,35,902285,125036,58694,18508,11754,21996,7115,2849,,
52:49.0,00:00.0,100,2,13,51,32,228567,218717,5063,28029,12525,8254,9981,3408,,
52:50.0,00:00.0,100,2,13,51,32,9874,81508,5915,25154,15356,14117,7189,3483,,
52:51.0,00:00.0,100,2,35,54,44,406292,86259,23713,24680,52798,39130,10970,3398,,
52:52.0,00:00.0,100,2,27,53,40,440994,162728,45368,52734,30677,17161,3889,6955,,
52:53.0,00:00.0,100,2,48,64,56,778101,76817,14403,24565,6916,17693,4358,1768,,
52:54.0,00:00.0,100,2,27,67,47,854993,56177,18020,5142,2798,1633,3335,1114,,
52:55.0,00:00.0,100,2,23,80,51,349010,48186,12811,44313,19186,14435,11582,3061,,
52:56.0,00:00.0,100,2,41,87,64,280232,10412,15157,8276,12929,8683,1646,761,,
52:57.0,00:00.0,100,2,29,81,55,344219,199435,5924,53344,11628,13218,6653,3467,,
52:58.0,00:00.0,100,2,38,78,58,81141,164312,36407,18670,8055,9180,10082,2143,,
52:59.0,00:00.0,100,2,40,56,48,131448,23851,1708,4387,11941,5272,2156,636,,
53:00.0,00:00.0,100,2,35,53,44,237787,64984,43983,13133,23124,16514,5591,3881,,
53:01.0,00:00.0,100,2,30,53,41,1481960,118351,28100,5490,5653,5926,2147,866,,
53:02.0,00:00.0,100,2,40,51,45,1097136,199085,40458,21789,27987,22406,23058,10365,,
53:03.0,00:00.0,100,2,35,63,49,1240724,136914,46256,13168,20676,24456,13352,1048,,
53:04.0,00:00.0,100,2,26,67,46,903742,126789,106362,37656,18859,20022,9349,2218,,
53:05.0,00:00.0,100,2,29,57,43,111103,174865,9642,17488,28468,11069,5276,1400,,
53:06.0,00:00.0,100,2,24,67,45,232640,33216,5423,19055,757,3229,2566,1574,,
53:07.0,00:00.0,100,2,27,66,46,155164,34217,7710,3154,2915,7230,1276,467,,
53:08.0,00:00.0,100,2,53,57,55,134528,10395,15267,10170,23955,20914,8978,3451,,
53:09.0,00:00.0,100,2,60,88,74,131892,24738,71714,48053,18273,12571,11918,3150,,
53:10.0,00:00.0,100,2,64,74,69,360223,74642,7909,19015,32799,7679,9539,3225,,
53:11.0,00:00.0,100,2,53,69,61,128916,59430,8849,7965,2977,5063,1557,859,,
53:12.0,00:00.0,100,2,27,48,37,98561,35762,2749,973,3915,3031,676,413,,
53:13.0,00:00.0,100,2,40,29,34,340854,14427,9386,3881,8043,6533,5031,1175,,
53:14.0,00:00.0,100,2,53,41,47,84578,19772,15667,11085,10575,11508,4142,1198,,
53:15.0,00:00.0,100,2,53,38,45,28118,191760,23503,18756,14247,13940,2974,2780,,
53:16.0,00:00.0,100,2,60,48,54,138407,131207,16570,15913,9934,18794,10226,3620,,
53:17.0,00:00.0,100,2,57,57,57,668342,17365,30197,6423,4065,11968,10908,2263,,
53:18.0,00:00.0,100,2,51,60,55,69211,32635,23952,16007,8593,9582,9948,4044,,
53:19.0,00:00.0,100,2,67,70,68,10533,28209,11052,26828,25194,16015,4201,2454,,
53:20.0,00:00.0,100,2,66,83,74,519933,294426,109680,250746,144445,66427,16588,6090,,
53:21.0,00:00.0,100,2,77,70,73,119672,19359,5138,10063,8810,16840,15508,5516,,
53:22.0,00:00.0,100,2,67,74,70,878526,41370,14140,32422,8597,6089,10521,2851,,
53:23.0,00:00.0,100,2,47,66,56,218851,191599,51364,25808,45874,9720,9552,3491,,
53:24.0,00:00.0,100,2,57,69,63,92703,39526,42844,26992,12543,35409,11980,2474,,
53:25.0,00:00.0,100,2,57,66,61,12394,28146,7681,8857,24995,20507,14366,4878,,
53:26.0,00:00.0,100,2,77,50,63,15831,42419,5611,10342,20579,16440,10996,3604,,
53:27.0,00:00.0,100,2,100,43,71,14585,23485,3591,3075,5450,12610,3751,5193,,
53:28.0,00:00.0,100,2,88,47,67,39779,38506,29463,34820,11572,7375,4551,3122,,
53:29.0,00:00.0,100,2,64,53,58,481458,93405,22106,37279,10634,11946,7306,1114,,
53:30.0,00:00.0,100,2,64,47,55,405320,50951,1028,8774,24503,18212,3133,4085,,
53:31.0,00:00.0,100,2,61,50,55,144596,56091,12820,7025,14496,24125,7895,1970,,
53:32.0,00:00.0,100,1,69,38,53,1432004,31902,9217,11397,13321,7440,1646,984,,
53:33.0,00:00.0,100,1,87,29,58,357713,29094,6420,3344,4993,12369,2231,2124,,
53:34.0,00:00.0,100,1,80,47,63,548642,101604,40307,39589,27116,30465,2366,2429,,
53:35.0,00:00.0,100,1,60,30,45,411843,487391,6548,23110,13137,28275,14314,2843,,
53:36.0,00:00.0,100,1,51,34,42,32915,24341,2378,15683,8478,3395,1310,1109,,
53:37.0,00:00.0,100,2,37,54,45,1044030,9593,13350,10183,2800,3245,1067,573,,
53:38.0,00:00.0,74,7,37,54,45,1550704,415317,248429,179146,64581,29744,15162,7482,,
53:39.0,00:00.0,74,7,37,54,45,821546,21686,19650,5745,3742,2510,1560,523,,
53:40.0,00:00.0,74,7,37,54,45,693950,34924,7000,14949,10091,9603,3539,1003,,
53:41.0,00:00.0,87,7,37,54,45,578377,598022,226741,145716,109024,175084,28978,7087,,
53:42.0,00:00.0,87,7,37,54,45,2943319,203543,28128,29366,11520,8197,2702,1749,,
53:43.0,00:00.0,87,7,37,54,45,726281,40524,9659,2820,4611,3992,1802,811,,
53:44.0,00:00.0,74,7,37,54,45,1169235,105760,14236,1879,7576,4406,1841,1254,,
53:45.0,00:00.0,74,7,37,54,45,2730019,287455,156591,192814,253737,201578,116238,59192,,
53:46.0,00:00.0,74,7,37,54,45,579561,23865,6176,8172,2831,2852,1119,316,,
53:47.0,00:00.0,87,7,37,54,45,1414148,17364,17935,46707,66809,25884,4456,369,,
53:48.0,00:00.0,74,7,37,54,45,1630552,236202,75612,76799,22503,36822,15521,4301,,
53:49.0,00:00.0,74,7,37,54,45,2062833,57884,21475,21775,16320,19503,2706,76,,
53:50.0,00:00.0,74,7,37,54,45,642134,42689,16440,43726,24033,16611,9191,5582,,
53:51.0,00:00.0,74,7,37,54,45,840620,161043,38812,29695,19356,14908,4888,3117,,
53:52.0,00:00.0,87,7,37,54,45,2130248,214428,98610,102175,60918,38796,16053,3358,,
53:53.0,00:00.0,87,7,37,54,45,639433,25125,14314,6232,5923,2218,1169,328,,
53:54.0,00:00.0,100,7,16,37,26,1097177,68726,2345,5815,11210,2383,645,429,,
53:55.0,00:00.0,74,5,16,37,26,836976,61772,58247,62001,89143,75263,100309,117489,,
53:56.0,00:00.0,87,5,16,37,26,435022,139524,5843,3316,7539,6890,3243,203,,
53:57.0,00:00.0,74,5,16,37,26,275552,119654,19298,60941,35264,25638,6482,7258,,
53:58.0,00:00.0,74,5,16,37,26,875293,164915,16721,47861,51642,92043,31554,19317,,
53:59.0,00:00.0,74,5,16,37,26,782086,75453,23340,57514,39394,32623,24148,8470,,
54:00.0,00:00.0,87,5,16,37,26,498532,398732,107058,74219,28658,27024,10150,3609,,
54:01.0,00:00.0,74,5,16,37,26,807483,274435,85066,164531,536710,73882,219523,93027,,
54:02.0,00:00.0,74,5,16,37,26,312976,10819,2725,1320,1118,547,670,135,,
54:03.0,00:00.0,100,5,37,56,46,79548,10722,1888,4631,3965,5207,764,235,,
54:04.0,00:00.0,100,2,41,61,51,1911530,75532,47535,39079,13441,17441,3852,1587,,
54:05.0,00:00.0,74,5,41,61,51,1961316,288800,99611,74353,51322,42018,17355,42800,,
54:06.0,00:00.0,74,5,41,61,51,959039,112152,67390,100274,94115,158330,89047,28889,,
54:07.0,00:00.0,87,5,41,61,51,2204865,568600,331791,257238,127191,169708,109723,23985,,
54:08.0,00:00.0,74,5,41,61,51,693528,261435,150656,53562,85296,43603,11083,11779,,
54:09.0,00:00.0,74,5,41,61,51,268488,8445,3122,2853,3445,2251,1430,380,,
54:10.0,00:00.0,74,5,41,61,51,589894,173604,122808,75129,68468,121005,145269,66857,,
54:11.0,00:00.0,74,5,41,61,51,973875,699677,130141,39333,32084,77999,11231,6624,,
54:12.0,00:00.0,74,5,41,61,51,941790,1013460,29017,59472,132567,92059,42602,42889,,
54:13.0,00:00.0,74,5,41,61,51,1350521,194681,30201,34905,63866,31965,24578,11792,,
54:14.0,00:00.0,74,5,0,0,0,1662288,125764,43856,38043,30678,60632,28381,23646,,
54:15.0,00:00.0,74,5,0,0,0,1643911,316274,88116,129575,83532,372569,106694,220252,,
54:16.0,00:00.0,74,5,0,0,0,832989,138017,2330,4059,7095,47456,21905,11114,,
54:17.0,00:00.0,87,5,0,0,0,881642,168278,9970,17662,21745,6634,8780,1811,,
54:18.0,00:00.0,100,5,0,0,0,587798,35886,17597,10499,9871,13665,10652,1758,,
54:19.0,00:00.0,100,2,0,0,0,614074,34957,19201,27263,45241,7771,4844,1907,,
54:20.0,00:00.0,100,2,0,0,0,1663025,402532,125542,115507,153873,38373,12835,5941,,
54:21.0,00:00.0,100,2,56,61,58,2152096,146341,57559,113536,32558,102062,11748,15537,,
54:22.0,00:00.0,100,2,88,90,89,1620398,123621,63696,163432,105035,155887,19280,5218,,
54:23.0,00:00.0,74,3,88,90,89,626573,133879,99746,97360,30565,63839,13398,4969,,
54:24.0,00:00.0,87,3,88,90,89,293413,86626,68671,65007,54107,36104,8332,3158,,
54:25.0,00:00.0,100,3,81,69,75,891249,24157,8789,2374,5534,7218,936,429,,
54:26.0,00:00.0,74,5,81,69,75,445914,18981,11694,7955,3910,12520,1809,715,,
54:27.0,00:00.0,100,5,87,38,62,459370,67006,9847,9768,9636,17395,3952,487,,
54:28.0,00:00.0,87,5,87,38,62,384570,19146,18478,10797,5748,5364,1574,290,,
54:29.0,00:00.0,74,5,87,38,62,691263,115141,29558,4391,22455,20787,12031,1091,,
54:30.0,00:00.0,74,5,87,38,62,577144,171893,52055,4849,222960,46803,19481,6718,,
54:31.0,00:00.0,87,5,87,38,62,1771898,152268,45412,50003,14788,15809,3875,2025,,
54:32.0,00:00.0,100,5,70,1,35,719114,105778,12196,8335,5718,12303,2301,1336,,
54:33.0,00:00.0,100,2,64,1,32,243324,10653,5054,939,4838,5471,783,941,,
54:34.0,00:00.0,100,2,63,1,32,977962,104475,12575,24054,44668,26256,6519,1796,,
54:35.0,00:00.0,87,6,63,1,32,100554,125687,7032,7299,7268,24352,4972,2287,,
54:36.0,00:00.0,87,6,63,1,32,1922926,149772,5775,23267,36296,61315,18344,6097,,
54:37.0,00:00.0,87,6,63,1,32,1280823,174071,20271,165457,110117,80247,28914,1996,,
54:38.0,00:00.0,74,6,63,1,32,107465,154510,29127,14676,39589,33109,43551,26463,,
54:39.0,00:00.0,74,6,63,1,32,1764144,201825,86610,59034,78806,205190,117702,56622,,
54:40.0,00:00.0,74,6,63,1,32,1193754,234537,80394,95698,18955,32697,45141,23588,,
54:41.0,00:00.0,74,6,63,1,32,1940910,343674,805212,2171051,1800848,653860,162742,44792,,
54:42.0,00:00.0,74,6,63,1,32,2145767,173855,4194,16118,14051,17788,3877,1461,,
54:43.0,00:00.0,74,6,63,1,32,1636893,329159,53789,112897,31837,33387,17690,9184,,
54:44.0,00:00.0,74,6,0,0,0,2042493,53071,7239,13837,16838,23830,10147,3237,,
54:45.0,00:00.0,74,6,0,0,0,770157,158796,137200,21151,63208,183964,44332,207000,,
54:46.0,00:00.0,87,6,0,0,0,2837665,83778,39566,27009,25875,17911,7530,3044,,
54:47.0,00:00.0,74,6,0,0,0,513221,295086,42968,39878,101506,142405,98516,11872,,
54:48.0,00:00.0,74,6,0,0,0,2728527,449796,21364,67927,93942,59338,16767,21713,,
54:49.0,00:00.0,74,6,0,0,0,984488,682016,107912,261264,174250,141843,140210,11368,,
54:50.0,00:00.0,74,6,0,0,0,826296,222871,70381,108641,40965,128929,27151,15444,,
54:51.0,00:00.0,74,6,0,0,0,133231,72000,28494,33865,25475,54031,24012,29970,,
54:52.0,00:00.0,87,6,0,0,0,55118,30952,9629,9017,1508,1584,921,397,,
54:53.0,00:00.0,87,6,0,0,0,89121,7173,1881,1794,1719,3806,374,261,,
54:54.0,00:00.0,87,6,0,0,0,697775,190271,53980,31708,7655,6407,2105,6463,,
54:55.0,00:00.0,87,6,0,0,0,597173,20050,2637,1659,1151,2065,414,254,,
54:56.0,00:00.0,87,6,0,0,0,114610,2214,844,1361,2607,823,347,224,,
54:57.0,00:00.0,87,6,0,0,0,739,924,826,256,223,244,22,7,,
54:58.0,00:00.0,100,6,0,0,0,89551,8015,6149,2859,11104,8079,1955,1170,,
54:59.0,00:00.0,100,3,0,0,0,2352430,48144,12423,16233,11268,7753,1355,508,,
55:00.0,00:00.0,100,3,0,0,0,69902,17038,1566,14242,10290,6080,398,110,,
55:01.0,00:00.0,87,5,0,0,0,1806090,995394,938568,660787,709241,502405,354845,98589,,
55:02.0,00:00.0,87,5,0,0,0,473612,16951,3703,1473,1079,591,339,244,,
55:03.0,00:00.0,100,5,63,14,38,1942182,124934,27947,92357,80018,70489,6370,6749,,
55:04.0,00:00.0,100,5,74,56,65,74584,17489,8401,32286,21505,17343,4578,1937,,
55:05.0,00:00.0,100,2,41,41,41,282777,156444,16816,13480,39623,6428,4157,948,,
55:06.0,00:00.0,100,1,20,50,35,2071113,229954,26598,50096,21802,13682,2581,1321,,
55:07.0,00:00.0,100,2,14,64,39,1419293,317760,252929,263011,24756,144425,13443,8600,,
55:08.0,00:00.0,100,2,1,47,24,1358288,63163,27998,18874,43014,5115,2263,627,,
55:09.0,00:00.0,100,2,1,54,27,142371,85475,14501,7907,5253,2497,1726,590,,
55:10.0,00:00.0,100,2,3,50,26,377443,173961,12980,42740,34653,17403,5834,2184,,
55:11.0,00:00.0,100,2,10,47,28,1277802,37348,59151,44659,48256,32148,10199,3962,,
55:12.0,00:00.0,100,2,21,23,22,427444,210140,5971,29607,24866,22005,5959,1568,,
55:13.0,00:00.0,100,3,27,34,30,1792218,847607,241801,117954,41266,47634,13243,4522,,
55:14.0,00:00.0,74,3,27,34,30,1248332,27077,1953,6266,6643,4258,1508,133,,
55:15.0,00:00.0,100,3,29,57,43,587712,35240,9907,31783,6979,7147,4364,2466,,
55:16.0,00:00.0,100,2,16,43,29,961716,316108,81682,101589,85643,39680,18476,3246,,
55:17.0,00:00.0,100,2,1,43,22,717133,88850,1506,5789,2354,1660,511,420,,
55:18.0,00:00.0,100,2,10,66,38,809145,33371,64716,44472,34011,9270,3796,1686,,
55:19.0,00:00.0,74,7,10,66,38,722717,469082,10813,382748,400042,335245,108848,136908,,
55:20.0,00:00.0,74,7,10,66,38,1695627,276371,166816,34597,104055,142985,106468,32452,,
55:21.0,00:00.0,74,7,10,66,38,1120026,10554,3932,11274,26501,7481,2012,1016,,
55:22.0,00:00.0,100,7,13,53,33,2005504,235089,89277,23424,19244,33273,4907,2208,,
55:23.0,00:00.0,100,7,11,64,37,313117,74605,72006,6509,15063,10204,4534,3160,,
55:24.0,00:00.0,74,6,11,64,37,960201,36030,17257,8393,23784,15711,3298,736,,
55:25.0,00:00.0,100,6,17,84,50,2394775,181713,41659,22244,11539,6699,4237,1040,,
55:26.0,00:00.0,100,5,27,43,35,931810,406391,11780,27350,120577,86100,6986,5859,,
55:27.0,00:00.0,74,7,27,43,35,724083,11586,8528,10777,10327,5406,3665,1608,,
55:29.0,00:00.0,74,7,27,43,35,524519,41069,11572,3452,5968,3463,1421,493,,
55:29.0,00:00.0,87,7,27,43,35,516718,37638,11095,11473,6723,3685,964,535,,
55:30.0,00:00.0,74,7,27,43,35,322530,50278,10695,16015,11420,10047,2260,347,,
55:31.0,00:00.0,74,7,27,43,35,3249632,98696,34038,10569,56402,38958,5982,1978,,
55:32.0,00:00.0,74,7,27,43,35,1326613,27324,4267,6557,16159,9277,1185,1146,,
55:33.0,00:00.0,100,7,20,20,20,314639,278681,5101,10428,33722,12921,6216,3044,,
55:34.0,00:00.0,87,2,20,20,20,2701361,209684,140974,81755,95707,133378,98365,12182,,
55:35.0,00:00.0,100,2,30,14,22,1768803,51484,14620,28718,16870,16970,2807,1361,,
55:36.0,00:00.0,74,2,30,14,22,686579,18124,19077,6672,28734,16702,1723,993,,
55:37.0,00:00.0,87,2,30,14,22,961837,19264,23126,15118,58619,27341,1517,2982,,
55:38.0,00:00.0,100,2,41,20,30,1426334,19098,3856,7185,5786,2381,1079,311,,
55:39.0,00:00.0,74,3,41,20,30,1455957,36078,35895,63660,10322,11236,7293,504,,
55:40.0,00:00.0,74,3,41,20,30,475274,67848,39448,41168,55728,14866,3975,659,,
55:41.0,00:00.0,87,3,41,20,30,594679,21647,1656,1886,665,535,344,168,,
55:42.0,00:00.0,87,3,41,20,30,642828,22881,6835,16515,22160,25115,1688,1292,,
55:43.0,00:00.0,74,3,41,20,30,482911,336604,182833,121668,47297,8688,4201,3656,,
55:44.0,00:00.0,100,3,34,57,45,436009,14420,13797,9874,2765,3418,1937,517,,
55:45.0,00:00.0,100,3,41,69,55,1142574,129414,6897,18640,26236,14719,14684,1957,,
55:46.0,00:00.0,100,3,37,70,53,2726142,118615,36150,66941,51283,24322,7186,4353,,
55:47.0,00:00.0,100,3,34,78,56,1219609,75012,25277,34054,12474,9163,3248,1249,,
55:48.0,00:00.0,100,3,53,69,61,857575,27238,24721,99242,101019,92002,7077,2442,,
55:49.0,00:00.0,100,3,54,80,67,781547,102248,25970,21645,15912,17309,9009,4750,,
55:50.0,00:00.0,100,2,57,77,67,213251,5273,1873,1001,465,1098,159,89,,
55:51.0,00:00.0,100,2,47,67,57,62714,92206,23436,7855,9719,2930,1645,379,,
55:52.0,00:00.0,74,7,47,67,57,3261862,2196375,449847,397546,812601,657572,81914,51057,,
55:53.0,00:00.0,74,7,47,67,57,837399,839645,218928,50386,80775,119058,111153,168389,,
55:54.0,00:00.0,74,7,47,67,57,2636904,181802,31413,47779,8910,58135,54931,29616,,
55:55.0,00:00.0,74,7,47,67,57,838129,481530,141017,105691,17217,274336,331221,111287,,
55:56.0,00:00.0,74,7,47,67,57,938370,361795,75793,90050,65482,38942,14163,6877,,
55:57.0,00:00.0,74,7,47,67,57,515305,23450,6907,55308,38097,13350,7949,3031,,
55:58.0,00:00.0,74,7,0,0,0,688837,57902,14592,8920,22896,13948,1434,703,,
55:59.0,00:00.0,74,7,0,0,0,441484,51405,17713,15607,4151,17977,9629,6549,,
56:00.0,00:00.0,87,7,0,0,0,1878905,2034816,623781,654399,202439,398874,143073,38892,,
56:01.0,00:00.0,74,7,0,0,0,2498052,590097,46755,47513,43465,47038,3357,6369,,
56:02.0,00:00.0,74,7,0,0,0,860474,10001,35460,46104,19175,22589,15234,14146,,
56:03.0,00:00.0,87,7,0,0,0,377719,56751,7196,3651,2032,4648,1050,199,,
56:04.0,00:00.0,87,7,0,0,0,113893,15380,1627,2728,1834,1782,431,226,,
56:05.0,00:00.0,87,7,0,0,0,1275605,335533,202655,150590,52318,20145,8174,6403,,
56:06.0,00:00.0,87,7,0,0,0,872979,16246,5960,7440,6163,5255,949,713,,
56:07.0,00:00.0,87,7,0,0,0,757314,43944,19807,43780,29761,42439,6212,1311,,
56:08.0,00:00.0,87,7,0,0,0,1273640,317649,45990,85340,57350,51934,8975,9281,,
56:09.0,00:00.0,73,7,0,0,0,270676,12671,14995,13791,16114,27949,29878,28611,,
56:10.0,00:00.0,74,7,0,0,0,895298,161702,150539,62630,34510,41283,20188,4340,,
56:11.0,00:00.0,74,7,0,0,0,1000659,380394,26290,36383,90380,158043,128048,59164,,
56:12.0,00:00.0,87,7,0,0,0,1270170,63371,5651,3163,3906,6803,2032,868,,
56:13.0,00:00.0,87,7,0,0,0,141412,62067,24281,54597,86168,18841,3266,606,,
56:14.0,00:00.0,74,7,0,0,0,852808,172446,55125,64476,69133,47214,42535,21508,,
56:15.0,00:00.0,100,7,0,0,0,96761,104524,57462,26139,49801,48682,16887,4092,,
56:16.0,00:00.0,100,2,0,0,0,251512,22232,7621,1942,2040,3275,968,914,,
56:17.0,00:00.0,74,5,0,0,0,1753578,40051,25421,23052,18471,18288,7226,1676,,
56:18.0,00:00.0,74,5,0,0,0,2423180,165095,124712,294418,55049,309441,24685,7500,,
56:19.0,00:00.0,87,5,0,0,0,480116,57556,19880,4443,25411,5241,2283,784,,
56:20.0,00:00.0,74,5,0,0,0,815603,21642,33360,25509,28680,30077,21295,4603,,
56:21.0,00:00.0,87,5,0,0,0,1895162,788299,303670,104888,55170,21220,11404,21077,,
56:22.0,00:00.0,74,5,0,0,0,1280246,38166,12635,32177,11350,12584,986,1743,,
56:23.0,00:00.0,74,5,0,0,0,930900,114756,33498,20709,28063,21744,3687,930,,
56:24.0,00:00.0,74,5,0,0,0,1375386,35732,7978,7812,3302,5522,540,442,,
56:25.0,00:00.0,87,5,0,0,0,920125,107704,33490,63439,107487,117502,36181,2741,,
56:26.0,00:00.0,87,5,0,0,0,167618,4620,1148,1607,3190,3624,1036,683,,
56:27.0,00:00.0,100,5,0,0,0,1720708,144670,28632,22243,17910,38907,2782,1766,,
56:28.0,00:00.0,74,6,0,0,0,853673,80402,104996,55538,28635,114340,4177,1173,,
56:29.0,00:00.0,87,5,0,0,0,757188,122262,31740,52287,22427,21007,2541,2868,,
56:31.0,00:00.0,74,5,0,0,0,911199,129794,69996,9531,50888,117978,11336,3443,,
56:31.0,00:00.0,74,5,0,0,0,1547453,604438,255980,150547,143822,152142,89485,62621,,
56:32.0,00:00.0,87,5,0,0,0,410071,229510,53916,22061,52777,26554,10886,2828,,
56:33.0,00:00.0,74,5,0,0,0,296884,109700,35109,12544,11715,35578,1301,1559,,
56:34.0,00:00.0,74,5,0,0,0,749395,30656,14421,3955,13172,7348,1436,1123,,
56:35.0,00:00.0,74,5,0,0,0,743665,110135,8113,9804,54296,27909,12114,6310,,
56:36.0,00:00.0,74,5,0,0,0,323482,85779,39189,66981,14107,22212,5313,7019,,
56:37.0,00:00.0,74,5,0,0,0,597471,172735,48308,129093,88722,78024,72603,43176,,
56:38.0,00:00.0,74,5,0,0,0,1641551,748039,142176,88439,47481,101262,62656,24332,,
56:39.0,00:00.0,74,5,0,0,0,1406065,1232481,166253,110352,561656,460255,516319,231100,,
56:40.0,00:00.0,74,5,0,0,0,273705,22464,6184,6170,10181,16498,10281,2843,,
56:41.0,00:00.0,87,5,0,0,0,673808,85844,20699,32363,24447,22486,7300,769,,
56:42.0,00:00.0,87,5,0,0,0,309020,48660,19272,42942,11839,9075,1794,1035,,
56:43.0,00:00.0,74,5,0,0,0,1082070,101575,16136,14477,27297,24083,4209,1901,,
56:44.0,00:00.0,60,5,0,0,0,551860,173242,28012,87564,87335,48506,11827,33079,,
56:45.0,00:00.0,73,5,0,0,0,4,1,2,1,0,0,0,1,,
56:46.0,00:00.0,73,5,0,0,0,4,6,0,1,0,0,0,1,,
56:47.0,00:00.0,73,5,0,0,0,35371,2325,802,660,261,490,208,73,,
56:48.0,00:00.0,0,5,0,0,0,4486,904,679,1659,1188,1996,435,145,,
56:49.0,00:00.0,87,5,0,0,0,330139,33805,27731,24325,37731,50665,10950,1911,,
56:50.0,00:00.0,74,5,0,0,0,327044,885945,115836,305850,111090,34291,38856,54210,,
56:51.0,00:00.0,74,5,0,0,0,110071,57935,14576,47374,47442,59338,33407,21651,,
56:52.0,00:00.0,74,5,0,0,0,1684712,401714,81570,97912,88325,72420,58391,36475,,
56:53.0,00:00.0,74,5,0,0,0,420385,1020125,111718,34151,111330,74988,62058,12572,,
56:54.0,00:00.0,74,5,0,0,0,146699,74940,39022,40876,16983,38354,8492,9218,,
56:55.0,00:00.0,74,5,0,0,0,1298303,826434,705127,634770,631548,561056,68749,21726,,
56:56.0,00:00.0,74,5,0,0,0,2944360,600744,44943,51173,51717,78039,42693,58518,,
56:57.0,00:00.0,74,5,0,0,0,315219,86804,58969,77989,124660,22832,13139,5853,,
56:58.0,00:00.0,87,5,0,0,0,194020,43382,12481,24647,24459,23739,6947,5426,,
56:59.0,00:00.0,74,5,0,0,0,1085108,388280,24342,105893,94177,116228,5117,4396,,
57:00.0,00:00.0,74,5,0,0,0,611999,103315,29306,54442,124123,78744,8383,24481,,
57:01.0,00:00.0,74,5,0,0,0,590334,120419,17053,31945,25477,42049,19160,17235,,
57:02.0,00:00.0,87,5,0,0,0,357302,18006,8081,7685,13660,12576,3474,933,,
57:03.0,00:00.0,87,5,0,0,0,1337120,74426,295808,147851,115968,166900,11745,3587,,
57:04.0,00:00.0,100,5,0,0,0,1402765,256717,56165,23180,63495,39970,9660,2496,,
57:05.0,00:00.0,87,2,0,0,0,934260,566725,39646,52534,68891,43240,9313,5910,,
57:06.0,00:00.0,87,3,0,0,0,916126,24681,10689,7858,6876,5055,812,248,,
57:07.0,00:00.0,74,3,0,0,0,278928,12814,648,5275,3532,3437,1536,1817,,
57:08.0,00:00.0,100,3,0,0,0,537073,50652,37102,15175,46109,30742,5357,744,,
57:09.0,00:00.0,100,2,0,0,0,925502,71673,65288,767,24077,21016,7542,1693,,
57:10.0,00:00.0,87,2,0,0,0,1586203,42274,49124,97626,76913,56746,37391,11262,,
57:11.0,00:00.0,100,3,20,48,34,537904,352524,22955,35945,14557,35179,4169,2125,,
57:12.0,00:00.0,87,3,20,48,34,1148558,26365,28816,6773,16807,41543,6453,1593,,
57:13.0,00:00.0,74,3,20,48,34,267945,69244,36738,32752,72872,44690,12346,2736,,
57:14.0,00:00.0,87,3,20,48,34,1469513,227842,21577,17231,44334,26749,7225,3459,,
57:15.0,00:00.0,87,3,20,48,34,1488939,46212,11670,36149,12479,24336,12136,5881,,
57:16.0,00:00.0,87,3,20,48,34,53825,9788,3164,9867,15821,16035,3210,1301,,
57:17.0,00:00.0,74,3,20,48,34,2060791,244874,29542,59466,22829,31896,7371,1303,,
57:18.0,00:00.0,87,3,20,48,34,1018142,172421,60919,35903,58321,14546,7140,6461,,
57:19.0,00:00.0,87,3,20,48,34,858089,35517,9241,43630,52986,29066,5111,2824,,
57:20.0,00:00.0,87,3,20,48,34,852805,47963,23757,22735,35361,12633,1628,479,,
57:21.0,00:00.0,74,3,20,48,34,961062,57616,25388,36281,57451,53881,6109,2014,,
57:22.0,00:00.0,74,3,20,48,34,453675,704167,575336,86741,447003,243207,82917,29330,,
57:23.0,00:00.0,87,3,20,48,34,1356506,166729,72683,11292,59390,40456,13198,7205,,
57:24.0,00:00.0,74,3,20,48,34,1461237,92402,6321,58225,34317,40081,24194,22763,,
57:25.0,00:00.0,87,3,20,48,34,2123687,167973,570167,312413,623616,299917,133223,26812,,
57:26.0,00:00.0,74,3,20,48,34,819596,157974,60635,49131,31271,17974,6366,2967,,
57:27.0,00:00.0,87,3,20,48,34,940022,132814,7625,24203,19580,26409,13151,4206,,
57:28.0,00:00.0,74,3,20,48,34,2238032,246768,47237,10900,45528,20234,12962,5109,,
57:29.0,00:00.0,74,3,20,48,34,1210063,20726,6082,5565,1664,2291,986,668,,
57:30.0,00:00.0,74,3,20,48,34,775943,197679,50908,49679,71347,43706,12493,1467,,
57:31.0,00:00.0,87,3,20,48,34,1629612,401465,72636,68839,29831,63878,55285,8709,,
57:32.0,00:00.0,74,3,20,48,34,226615,130879,38834,29132,38837,52537,7256,6746,,
57:33.0,00:00.0,74,3,20,48,34,913293,123284,69449,36195,20725,51281,10753,5970,,
57:34.0,00:00.0,74,3,20,48,34,1308042,94855,11826,3451,3567,7813,1725,532,,
57:35.0,00:00.0,74,3,20,48,34,2726422,734405,186963,456451,464449,349050,106261,25164,,
57:36.0,00:00.0,87,3,20,48,34,1257806,125774,39745,51051,45632,73798,13919,3707,,
57:37.0,00:00.0,100,3,8,66,37,865146,34538,4998,56466,8151,7047,1848,1110,,
57:38.0,00:00.0,100,3,17,53,35,740093,341828,36972,54538,84473,131788,43329,5915,,
57:39.0,00:00.0,74,5,17,53,35,1472070,100497,57161,24578,14940,37026,13030,1960,,
57:40.0,00:00.0,87,5,17,53,35,1628254,326485,12345,14312,13335,10760,8816,3637,,
57:41.0,00:00.0,87,5,17,53,35,582834,513227,115772,68544,146432,111290,11027,3096,,
57:42.0,00:00.0,100,5,17,37,27,2000743,2208327,84992,190733,171029,142062,16559,38685,,
57:43.0,00:00.0,100,2,24,37,30,647511,256801,29423,21070,16016,36922,3806,2508,,
57:44.0,00:00.0,100,2,47,35,41,1900094,35213,17556,53142,6248,27397,5943,1320,,
57:45.0,00:00.0,74,5,47,35,41,904305,51091,5774,14642,19651,19737,6737,926,,
57:46.0,00:00.0,74,5,47,35,41,1117650,117664,81591,15192,30185,60579,14215,6216,,
57:47.0,00:00.0,74,5,47,35,41,609215,82685,27497,84953,68654,34801,16935,4076,,
57:48.0,00:00.0,74,5,47,35,41,888397,125161,83119,115536,94099,97899,30951,22632,,
57:49.0,00:00.0,74,5,47,35,41,1256538,82747,36149,17889,4897,21152,8510,4164,,
57:50.0,00:00.0,74,5,47,35,41,1862555,719780,106845,35715,49267,100526,51859,21020,,
57:51.0,00:00.0,74,5,0,0,0,1700370,209775,126336,58652,121121,97543,52049,10066,,
57:52.0,00:00.0,74,5,0,0,0,1770801,258297,158728,80717,112691,166320,51709,27760,,
57:53.0,00:00.0,74,5,0,0,0,1631545,26154,10283,7249,3695,1694,1321,544,,
57:54.0,00:00.0,74,5,0,0,0,1665616,735060,29254,277551,336369,285905,40662,147769,,
57:55.0,00:00.0,74,5,0,0,0,1501483,779496,585982,179785,256016,165943,165405,45105,,
57:56.0,00:00.0,74,5,0,0,0,259551,31928,47864,38821,30898,18546,7014,12687,,
57:57.0,00:00.0,74,5,0,0,0,837581,45878,52437,28591,4182,23936,42358,3543,,
57:58.0,00:00.0,74,5,0,0,0,1426344,92647,60297,44870,200870,52156,19302,12494,,
57:59.0,00:00.0,100,2,0,0,0,1076964,149863,1138,19190,17672,3552,3897,1734,,
58:00.0,00:00.0,74,3,0,0,0,1768628,180409,123878,113898,221279,148272,127719,18141,,
58:01.0,00:00.0,74,4,0,0,0,132245,43664,21794,14786,5599,23627,6841,5988,,
58:02.0,00:00.0,74,4,0,0,0,1101091,126843,112312,232937,32588,329983,94212,116910,,
58:03.0,00:00.0,73,4,0,0,0,66312,27411,9545,6483,3971,2006,745,386,,
58:04.0,00:00.0,74,4,0,0,0,1153244,1048368,47847,119018,284127,356202,340816,203769,,
58:05.0,00:00.0,74,4,0,0,0,540961,126012,41088,12936,54596,137214,52574,34557,,
58:06.0,00:00.0,73,4,0,0,0,7,2,0,1,1,1,2,1,,
58:07.0,00:00.0,74,4,0,0,0,869504,467324,106759,85768,112789,126160,87362,60499,,
58:08.0,00:00.0,74,4,0,0,0,268372,9880,22265,19658,7327,15307,7583,9910,,
58:09.0,00:00.0,74,4,0,0,0,763493,770334,234179,371150,90927,252862,302496,177273,,
58:10.0,00:00.0,74,4,0,0,0,577363,166365,84617,230947,105881,39536,7848,16647,,
58:11.0,00:00.0,74,4,0,0,0,1349864,1385151,232757,440912,338604,590563,116941,62205,,
58:12.0,00:00.0,74,4,0,0,0,1873952,411861,21972,24677,51409,56877,12458,6813,,
58:13.0,00:00.0,74,4,0,0,0,1042437,517750,79655,130123,287471,56154,53731,6809,,
58:14.0,00:00.0,74,4,0,0,0,1727570,38802,57812,128511,155402,36551,14828,12988,,
58:15.0,00:00.0,74,4,0,0,0,3430450,386838,102061,84203,49988,59900,39917,24045,,
58:16.0,00:00.0,100,4,0,0,0,683512,702308,61422,113756,103981,207633,14912,8426,,
58:17.0,00:00.0,74,2,0,0,0,875575,26283,7344,11245,13674,14937,967,393,,
58:18.0,00:00.0,100,2,0,0,0,349358,13756,14654,6959,18280,8919,841,553,,
58:19.0,00:00.0,100,2,0,0,0,642680,36858,7916,6947,28979,18044,1647,505,,
58:20.0,00:00.0,87,3,0,0,0,539361,70704,51125,10503,10469,12225,2256,2222,,
58:21.0,00:00.0,87,3,0,0,0,450220,30680,7327,8198,61563,19534,4891,1857,,
58:22.0,00:00.0,74,3,0,0,0,1122681,24577,8509,25472,33446,28856,10875,8311,,
58:23.0,00:00.0,87,3,0,0,0,208394,10180,4319,4064,4656,3245,627,183,,
58:24.0,00:00.0,74,3,0,0,0,84094,117139,7729,9971,18497,10454,975,620,,
58:25.0,00:00.0,74,3,0,0,0,172566,29943,1998,1193,6194,2437,374,312,,
